"berita"
"Persib Bandung akhirnya memperkenalkan pemain asing asal Benua Asia. Pada Kamis (18/4), Persib secara resmi menjalin kesepakatan satu musim dengan Artur Geworkyan.

Pemain asal Turkmenistan itu akan mengenakan nomor punggung 71. Dia datang dengan status bebas transfer setelah tidak memperpanjang kontrak dengan klub lamanya, Ahal FC.

“Ya, senang sekali bisa bergabung bersama Persib. Saya telah lama mengetahui klub ini, dan Persib memang klub besar di Indonesia. Persib tim pertama saya di Indonesia,” ungkap Artur.

Pemain kelahiran 22 November 1984 tersebut pernah satu tim dengan Bojan Malisic di Nasaf Qarshi. Melihat statistiknya, Artur punya CV yang terbilang menjanjikan.

Bersama Nasaf Qarshi, dia pernah meraih lima penghargaan sekaligus. Mulai dari Uzbek Cup (2015), Uzbek Super Cup (2015), runner-up Uzbek League (2011), runner-up Uzbek Cup (2011, 2012, 2013), serta AFC Cup (2011).

Bahkan, dia pernah menjadi pemain terbaik AFC Cup di musim 2011 lalu. Artur juga pernah dua kali jadi pemain terbaik Uzbek League pada 2013 dan 2015. Lalu pada 2014, dia sukses menjadi top skorer di liga dengan torehan 18 gol.

“Saya tidak tahu berapa banyak gol yang saya cetak bersama Persib. Tapi yang lebih utama adalah kemenangan tim dan untuk membantu tim,” tegas sang pemain."
