"berita"
"Telkomsel mengenalkan solusi digital terbaru berbasis Internet of Things (IoT). Layanan ini ditujukan untuk fuel management bermana Intelligent Tank Monitoring System atau dikenal Intank.

SVP Enterprise Account Management Telkomsel Dharma Simorangkir mengatakan, tren IoT sekarang ini tengah berkembang secara global. “Oleh karenanya, Telkomsel secara konsisten meningkatkan kesiapan teknologi dan jaringan sebagai bagian dari upaya mengakselerasi terbentuknya ekosistem IoT di Indonesia dengan menghadirkan solusi berbasis IoT,” katanya dalam keterangan resminya kepada JawaPos.com, Jumat (12/4).

Dia menyebut bahwa Intank dapat mengatasi berbagai permasalahan fuel management. Solusi IoT industri end-to-end ini berfungsi untuk memonitor tangki dari jarak jauh (remote tank monitoring) yang memungkinkan pemantauan inventaris dan konsumsi bahan bakar secara intensif kapan pun dan dari mana pun.

Sebagaimana diketahui, bahan bakar (fuel) telah menjadi komoditas utama yang sangat menentukan proses bisnis berbagai perusahaan. Pengelolaan bahan baku bernilai tinggi ini tidak jarang menimbulkan berbagai masalah yang memakan biaya operasi tinggi, seperti keterbatasan akses pada situs tangki bahan bakar, pengukuran manual, akurasi rendah, inefisiensi rantai pasokan, biaya pemeliharaan yang tinggi, hingga kehilangan inventori.

Solusi Intank dikatakan dapat digunakan dalam berbagai use case yang berbeda. Dalam hal ini solusi tersebut dikatakan bisa memonitor persediaan bahan bakar pada tangki penyimpanan terminal (terminal storage), sensor meter pada jalur distribusi, serta CCTV pada titik transfer kustodi."
