"berita"
"Ichitan sebagai produsen minuman berbasis teh terbesar di Thailand, kini membawa misi sosial ke Indonesia. Melalui sebuah program 'Mendadak Jutawan', Ichitan berharap bisa membantu taraf kehidupan masyarakat menjadi lebih layak. Inovasi ini dilakukan sebagai rasa syukur sebab Ichitan telah mendapat respon yang luar biasa di Indonesia.

""Ini adalah tradisi Ichitan yang selalu menyiapkan kejutan besar untuk para konsumen seperti di Thailand dan saya merasa gembira bisa berbagi kebahagian dengan masyarakat di Indonesia melalui program 'Mendadak Jutawan 2' yang sebelumnya sudah mendapat respon positif,"" tutur Mr. Tan Passakornnatee, CEO ICHITAN Group saat konferensi pers di Jakarta, Selasa (20/2).

Berangkat dari catatan pengalaman pada masa lalu, Mr. Tan berasal dari keluarga kurang mampu mengalami pasang surut mendirikan usaha ini. Sesekali kesulitan untuk membayar sewa kontrak hingga pernah bangkrut. Perjuangan telah membawa komitmen baginya untuk bisa berkontribusi secara positif kepada masyarakat.

""Intinya Ichitan ingin berbagi kebahagiaan dengan warga kurang mampu. Saya yakin melalui program ini akan membantu mengubah kehidupan dan mengatasi masalah yang mereka miliki,"" lanjutnya.

Siapa sangka kehidupan seseorang akan berubah secara tiba tiba saat ia mendapatkan sebuah undian berhadiah ratusan juta. Orang yang beruntung tersebut mungkin akan menggunakannya untuk modal usaha, renovasi rumah atau bahkan mendaftar haji.

Salah satu warga yang beruntung mendapat hadiah dari program 'Mendadak Jutawan' adalah Sarifudin. Pada program tahun lalu ia berhasil meraih Rp 300 juta. Sosok kepala keluarga asal Pekanbaru Riau ini mengaku sangat bersyukur dan tidak menyangka mendapat uang sebanyak itu. ""Alhamdulillah saya memenangkan Rp 300 juta dari ICHITAN, karena hadiah ini saya dapat membantu tetangga saya yang sedang kesulitan, membiayai kuliah anak,"" ujarnya.

Siapa sangka berawal saat dirinya membeli teh botol, lalu ia mendapati dibalik tutup botol muncul tulisan Rp 300 juta. Ia pun langsung dinyatakan sebagai pemenang dari program tersebut. ""Satu hal yang membuat saya terharu, akhirnya saya bisa membelikan cincin untuk istri saya, karena dulu sempat dijual untuk biaya hidup,"" imbuhnya kepada Jawapos.com.

Tahun 2018 dibuka kembali kesempatan untuk memenangkan hadiah total 9 miliar rupiah. Untuk memenangkan program 'Mendadak Jutawan 2' cukup beli produk Ichitan varian apapun kemudian periksa di balik tutup botolnya. Apabila terdapat tulisan '300 juta' dengan kode unik, silahkan validasi kode tersebut dengan menghubungi call center. Secara langsung pemenang akan dikunjungi perwakilan PT. Ichi Tan Indonesia. Periode program mulai 1 Maret hingga 31 Mei 2018. Semoga beruntung!"
