"berita"
"Menjelang pelaksanaan ajang olahraga bergengsi Asian Games 2018, Palembang Icon menggelar Palembang Fashion Week 2018 (PFW 2018). Memasuki tahun kelima, Palembang Fashion Week 2018 mengusung tema United of Diversity Asia.

Tema ini diambil berdasarkan latar belakang pagelaran olahraga Asian Games 2018 yang akan berlangsung di Palembang pada Agustus mendatang. Berlangsung selama 12 hari dari tanggal 21 Maret-1 April 2018 di Palembang Icon, Palembang Fashion Week 2018 menghadirkan bazaar bagi UKM dan tenant, serta peragaan busana.

Peragaan busananya sendiri baru berlangsung dari 28 Maret-1 April 2018. Peragaan busana ini diikuti oleh 30 desainer lokal dan tenant Palembang Icon. Masing-masing desainer menghasilkan koleksi yang bernuansa Asia dengan menggunakan kain khas Palembang, seperti songket, blongsong, dan jumputan.

Pada hari terakhir penyelenggaraannya, Palembang Fashion Week 2018 ditutup dengan peragaan busana dari 10 desainer lokal. Beberapa di antaranya sudah memiliki prestasi di kancah nasional bahkan internasional. Para desainer tersebut adalah Al-Divo, Intan Songket, F.L Limited, Rajendralabel, Lady in Kafta, Signature X Luminosa, Ilham Bahari, Rumah Songket Adis, Bukti Lentera, dan Touch of Beauty by Siung-Siung.

Director Palembang Mall, Co Ing, mengaku cukup puas dengan hasil peragaan busana yang dilakukan oleh para desainer. Menurutnya, ajang ini bisa memberikan ciri khas budaya Asia dengan menampilkan kain khas Palembang.

""Misi kedua adalah penjualan UKM dan tenant sangat baik, di mana hasil penjualan juga luar biasa. Misi ketiga adalah adanya peningkatan traffic. Di mana kami melihat adanya peningkatan pengunjung sebanyak 50 persen dari biasanya,"" ujar Co Ing dalam keterangan tertulis Palembang Icon kepada JawaPos.com, Senin (2/4). 

Kepala Dinas Pariwisata Sumsel Irene Camelya Sinaga mengatakan pemerintah mengapresiasi penyelenggaraan berbagai acara fashion dengan beragam inovasi padu padan yang cerdik dan fashionable dari para desainer. Dengan menjadi agenda tahunan provinsi, Palembang Fashion Week akan mendapatkan dukungan berupa publikasi dari pemerintah.

Selain itu, pemerintah juga akan mencoba untuk memasukkan ekosistem dan tata kelola yang baik sehingga para desainer lokal menjadi semakin siap dan terjadi regenerasi di kalangan para desainer,"" paparnya."
