"berita"
"Dugaan kecurangan pemilu 2019 kembali terjadi. Kali ini ditemukan sejumlah surat suara yang sudah tercoblos pasangan nomor urut 01 Joko Widodo-Ma’ruf Amin. Peristiwa terjadi di Tempat Pemungutan Suara (TPS) nomor 03 di Kabupaten Musi Banyuasin, Palembang, Sumatera Selatan.

Dikonfirmasi terkait hal ini, Komisioner Komisi Pemilihan Umum (KPU), Ilham Saputra mengaku belum mendapat laporan detail terkait kejadian ini. Namun, dia akan menelusuri kebenarannya.

“Entar saya kontak dulu. Saya belum dapat laporan ini,” ujar Ilham di Taman Suropati Menteng, Jakarta Pusat, Rabu (17/4).

Lebih lanjut, Ilham mengatakan belum bisa menjelaskan langkah selanjutnya terkait surat suara tercoblos ini. Menurutnya, harus dicek terlebih dahulu kebenarannya.

Pun demikian dengan adanya pencoblosan ulang. Hal itu memang dimungkinkan, tapi harus sesuai dengan rekomendasi Panwaslu setempat.

“Kita harus lihat dulu. Kalau ulang kan rekomendasi Panwaslu. Kita nggak tahu sampai sekarang belum dapat laporan seperti itu,” pungkas Ilham."
