"berita"
"Atlet berkebutuhan khusus atau difabel dari beberapa cabang olahraga di Jawa Barat (Jabar) mengeluhkan adanya pemotongan upah dari National Paralympic Comitte (NPC). Potongan berupa setoran wajib yang disebut sebagai kontribusi anggota. Besaran potongannya 10 persen setiap bulan dan 25 persen untuk bonus bagi yang mendapat prestasi sebuah even.

Pemotongan upah salah satunya dialami atlet judo Jabar Elda Fahmi, 18. Ia mengaku keberatan dengan setoran wajib tersebut. ""Saya sesalkan kenapa kami sudah kerja keras tapi hasilnya diperes juga oleh mereka (NPC),"" ungkap siswa kelas 3 SMA itu saat di Sekretariat Gerakan Pilihan Sunda, Kota Bandung, Rabu (24/1).

Dana dari hasil potongan upah akan diperguanakan untuk fasilitas atlet. Namun faktanya, Elda tidak mendapatkan fasilitas itu. ""Potongan sepuluh persen katanya untuk peralatan dan fasilitas. Namun untuk mendapatkan baju judo saja saya harus mengeluarkan Rp 1 juta,"" ungkap Elda.

Atlet lain juga mengutarakan keluhan yang sama. Bahkan, atlet tolak peluru Jabar Farid Surdin merasa sakit hati. ""Saya pecahkan rekor tapi tidak masuk Pelatnas. Padahal limit Asia Tenggara saya masuk,"" ucap Farid.

Menurut Farid, tidak masuknya atlet Jabar dalam program Pelatnas ada kaitannya dengan setoran wajib. Farid sendiri tidak memberikan setoran wajib ke NPC. ""Ibaratna nanaonan lah setor kitu (ibaratnya buat apa setoran itu, red),"" tuturnya.

Atas kejadian tersebut, Gerakan Pilihan Sunda dan para atlet paralympic mengirimkan surat aduan kepada Presiden RI Joko Widodo (Jokowi). Surat tersebut merupakan kelanjutan permasalahan Peparnas."
