"berita"
"Microsoft Xbox One S All Digital kemarin mengalami serangkaian kebocoran desain dan beberapa hal teknis lainnya. Kali ini, giliran tanggal rilis dari konsol game terbaru besutan Microsoft itu terungkap.

Dikutip JawaPos.com dari Engadget, Kamis (18/4), Xbox One yang sepenuhnya bebas-disk dan digital akan mencapai pengecer pada 7 Mei mendatang. Adapun harga dari perangkat tersebut kabarnya akan dilepas di kisaran harga USD 250 atau sekira Rp 3,5 jutaan.

Konsol ini juga dikabarkan hadir dengan tiga judul game populer milik Microsoft dalam paket penjualannya. Adapun game-game tersebut antara lain Sea of ​​Thieves, Forza Horizon 3 dan Minecraft. Tak hanya itu, penawaran khusus di Xbox Game Pass, layanan berlangganan bulanan yang mencakup akses ke lebih dari 100 game juga ditawarkan dalam penjualan Xbox One S All Digital.

Dari segi perangkat keras, Xbox One S All Digital Edition adalah Xbox One S minus drive optis. Artinya perangkat akan hadir tanpa pemutar cakram fisik atau blue-ray. Namun, semua aksesori Xbox One Anda dan game serta aplikasi yang dibeli secara digital akan berfungsi pada konsol baru.

Rumor tentang Xbox One tanpa disk mulai menggelegak akhir tahun lalu, dan Microsoft telah menjaga intrik tetap hidup dengan berfokus pada ekosistem digitalnya, seperti Game Pass dan Project xCloud, layanan streaming game yang akan memasuki versi beta pada tahun 2019.

Microsoft tampaknya tengah bersiap untuk bersaing dengan Google Stadia, layanan ambisius, sosial-media-terfokus dari Google yang berjanji untuk mengalirkan game ke perangkat apa pun hingga resolusi 4K dan 60fps. Stadia dari Google juga akan diluncurkan tahun ini.

Microsoft sendiri belum siap untuk meluncurkan Project xCloud atau layanan streaming lainnya. Untuk Xbox, ini berarti menggandakan layanan berlangganan. Biaya berlangganan bulanan adalah tulang punggung bisnis seperti Netflix dan Hulu dengan menghasilkan miliaran dolar untuk setiap perusahaan, dan mereka akan sama pentingnya dengan perusahaan game di pasar digital pertama.

Dalam praktiknya, ini berarti para pemain perlu menambahkan biaya untuk benar-benar online dan mengakses game dengan harga Xbox One S All Digital Edition. Microsoft menawarkan beberapa fitur online untuk semua pemain secara gratis, termasuk aplikasi streaming dan Skype, tetapi multi pemain dikunci di belakang paywall Xbox Live Gold."
