"berita"
"Babak kualifikasi online FIFA 19 FUT PS4 sudah berjalan enam minggu. Pada pekan keenam kemarin, kompetisi PS4 ini menyisihkan tiga top player dari berbagai daerah. Ketiganya sudah memastikan diri untuk melaju ke Big League.

Ke depan, kualifikasi game konsol sepak bola online yang diselenggarakan Indonesia Gaming League (IGL) ini tinggal menyisakan waktu dua minggu untuk merampungkan babak kualifikasi online. Setelah itu, proses drawing player yang telah memastikan diri untuk bermain di dua Big League, yakni Big East dan Big West, bakal digelar seminggu kemudian.

“Sejauh ini sudah ada 18 top player yang memastikan diri lolos ke Big League. Masih ada 6 slot tersisa yang akan diperebutkan oleh ratusan player selama dua minggu ke depan,” ujar Wakil Ketua IGL Stephen Clinton dalam keterangan tertulisnya, Kamis (18/4) Dia mengungkapkan, ada 325 peserta yang mendaftarkan diri untuk menjadi yang terbaik pada minggu keenam. Terjadi kenaikan sebanyak 25 peserta jika dibandingkan player yang mendaftar pada minggu kelima. Sementara secara keseluruhan, dia mengaku optimistis bisa merealisasikan target awal yang dicanangkan yakni 2000 player dari minggu pertama hingga minggu akhir nanti.

“Kita masih punya dua minggu ke depan untuk merealisasikan target awal peserta yang mendaftar. Apalagi slot yang tersisa tinggal sedikit. Pastinya para player banyak yang penasaran mengikuti event ini. Jika angka pendaftar terus konsisten seperti ini bukan tak mungkin kita akan memenuhi target atau bahkan melebihinya. Semoga saja,“ ungkap Clinton.

Optimisme Clinton akan hal tersebut terlihat cukup realistis. Pasalnya, di sisa dua minggu ini masih belum ada kabar player Indonesia yang akan berpartisipasi di turnamen internasional. Selain itu, berbagai peserta yang telah gagal di kualifikasi-kualifikasi minggu sebelumnya pun akan kembali mendaftarkan diri. “Bisa saja mereka yang sebelumnya belum mendaftarkan diri bisa memberikan kejutan di Online Qualifier FIFA 19 FUT ini,” jelasnya.

Sementara yang berhasil menjadi top tiga player minggu keenam, yang pertama ada Yoga Harahap, peserta asal Medan dengan Psn id: yogaharahap1717 dan nama tim: RAPRAP MEDAN. Kedua Kenny Prasetyo, peserta asal Jakarta dengan Psn id: rainesuaL dan nama tim: SFI Esports. Terakhir Windy Hendro, peserta asal Pontianak dengan Psn id sensensongong dan nama tim: FC Kop."
