"berita"
"Perdagangan pasar saham Indonesia jelang pemilihan umum (pemilu) 2019 merespon posotif pesta demokrasi. Indeks Harga Saham Gabungan (IHSG) pada penutupan perdagangan sore ini menguat 46,3 poin atau 0,72 persen ke 6.481.

Sementara, indeks LQ45 naik 10,29 poin atau 1,0 persen menjadi 1.023,56, indeks Jakarta Islamic Index (JII) naik 8,8 poin atau 1,3 persen ke 704,69, dan indeks IDX30 naik 5,98 poin atau 1,1 persen ke 563,81.

Sepanjang perdagangan hari ini, ada 235 saham menguat, 162 melemah, dan 132 stagnan. Transaksi perdagangan mencapai Rp 8,7 triliun dari 14,5 miliar lembar saham diperdagangkan.

Mayoritas penggerak IHSG menguat, dengan sektor properti memimpin penguatan sebesar 1,6 persen, sementara itu sektor mining melemah 0,2 persen.

Analis PT Indosurya Bersinar Sekuritas, William Suryawijaya, mengatakan IHSG hari ini melaju dengan pola konsolidasi wajar dengan kecenderungan melaju naik, sehingga indeks tetap berpeluang melanjutkan proses penguatan.

Menurutnya pada perdagangan pekan yang pendek dan menjelang pemilihan umum presiden (pilpres) ini, laju Indeks Harga Saham Gabungan (IHSG)  tetap berpeluang melanjutkan penguatan.

“Sehari menjelang pilpres dan pekan yang pendek, kondisi ini dapat memberikan peluang terhadap pola pergerakan IHSG untuk tetap berada dalam rentang konsolidasi wajar,” kata William, di Jakarta, Selasa (16/4)."
