"berita"
"Perbasi sudah mengumumkan nama-nama skuad timnas bola basket putri yang akan berlaga di Asian Games 2018 nanti. Namun, tim kepelatihan belum sepenuhnya tenang dengan 16 nama yang sudah ada.

Pelatih Kepala Timnas Basket Putri Arif Gunarto menyatakan, komposisi nama yang sekarang ada bisa dikatakan tidak seideal di SEA Games 2018 lalu. Bisa dibilang, kekuatan tim kini sudah hilang setengah.

Beberapa nama seperti Agustin Elya Gradita Retong dan Yuni Anggraini cedera, Marian Ulfah serta Yuliana Anggita Soemaryono sudah pensiun. Sementara, beberapa nama tangguh lain harus berkonsentrasi di sektor lain.

”Lea Elvensia Wolobubo Kahol dan Regita Pramesti ke 3x3. Praktis hampir separuh kekuatan timnas basket putri hilang,"" ujarnya.

Karenanya, Arif berharap, para pemain senior seperti Gabriel Sophia, Natasha Debby Christaline, dan Kadek Pratita Citta Dewi mampu memberikan contoh sekaligus memimpin rekan-rekan barunya di timnas Merah Putih.

”Meski usia mereka masih muda, secara pengalaman dan lama mereka bermain untuk Indonesia bisa dikatakan senior,” imbuhnya.

Diketahui sebelumnya, 16 nama pemain sudah diumumkan Perbasi untuk segera menjalani pemusatan latihan di Cirebon. Walau demikian, tim kepelatihan masih menerapkan sistem promosi-degradasi. Artinya, komposisi pemain yang dipanggil masih bisa berubah. ”Kami masih ada promosi degradasi. Karena kami ingin mencari yang terbaik,” katanya. (han)"
