"berita"
"Menyambut Penerimaan Peserta Didik Baruy (PPDB) 2018/2019, MIM Srebegan Klaten menggelar Event Akbar, 29 Maret 2018. berisi seminar parenting, lomba mewarnai, dan aksi sosial donor darah. Tiga sasaran utama yakni wali siswa, siswa TK B, dan masyarakat umum.

Tujuan event, sebagai bentuk kepedulian MIM Srebegan untuk membekali ilmu bagi para wali siswa dalam mendidik putra-putrinya supaya menjadi generasi hebat ber-akhlakul karimah. Sebagai wadah kreativitas anak untuk menemukan bakatnya. MIM Srebegan juga memfasilitasi kegiatan yang bersifat sosial dan bermanfaat bagi sesama melalui aksi donor darah.

Selain itu, juga launching majalah MIMGANESE. Sebuah terobosan baru dari MIM Srebegan yang ingin jadi pioner penerbitan majalah untuk lingkungan MI se-Kabupaten Klaten. Majalah ini  terinspirasi Prof. Imam Robandi yang hadir ke MIM Srebegan, 4 Agustus 2017.

Launching buku ditandatangani Ketua Dikdasmen PDM Klaten, Agus Salim, pengawas madrasah wilayah Kecamatan Ceper, Suryo Atmojo Subroto, dan pembicara seminar parenting, Nasrul Harahap, Principal MIM Program Khusus (PK) Kartasura.

Majalah ini diharapkan jadi wadah kreatifivas guru, siswa, dan warga madrasah untuk mengembangkan bakatnya dalam menulis. Selain itu untuk menumbuhkan budaya literasi, memberi kebermanfaatan bagi warga madrasah dan sekitarnya dalam hal berbagi ilmu dan saling belajar. Juga sebagai bentuk syiar dan publikasi madrasah agar lebih dikenal masyarakat yang lebih luas."
