"berita"
"Rabu (17/4) besok, masyarakat di seluruh Indonesia akan secara serentak melaksanakan pemilu presiden dan legislatif. Menyemarakkan pesta demokrasi tersebut, layanan uang elektronik Ovo menyebar beragam promo cashback menarik.

Program yang digelar Ovo dalam memeriahkan pemilu kali ini adalah Ovo PayDay Ekstra. Program yang menawarkan cashback itu akan digelar hingga 30 April mendatang. Adapun dalam PayDay Ekstra ini, Ovo mengusung tema Coblos atau Cashback OVO Buat Belanja Lancar Bos. Lebih dari 2.100 outlet dari 29 merchant favorit dikatakan hadir dengan cashback sampai dengan 60 persen.

Head of PR Ovo Sinta Setyaningsih mengatakan, besarnya antusiasme serta semangat demokrasi luar biasa pada momen bersejarah ini mendorong Ovo untuk turut mempersembahkan program yang lebih bagi pengguna. “Bangsa Indonesia terus bergerak menjadi kekuatan ekonomi yang besar, khususnya dengan pesatnya adopsi transaksi nontunai yang aman dan mudah,” katanya dalam keterangan resminya kepada JawaPos.com.

Adapun merchant atau mitra Ovo yang siap membuat bulan April dan pemilu semakin berkesan, antara lain, Bakmi GM, Bakso Boedjangan, Caribou Coffee, Carl’s Jr., Roti Boy, D’Crepes, Dum Dum, FamilyMart, Fore Coffee, HokBen, Hokkaido Legend, Hop Hop, Miniso, Mister Donut, Pepper Lunch, Potato Corner, Re.Juve, Sate Khas Senayan, Shihlin Taiwan Street Snack, Solaria, Sushi Tei, Tous Les Jours, Warunk Upnormal, Wingstop, Yoshinoya, GrabBike, GrabCar, GrabFood, dan Tokopedia."
