"berita"
"Para ibu rumah tangga seringkali bingung ketika tiba-tiba AC atau peralatan elektronik lainnya mati atau tidak berfungsi ketika akan digunakan. Apalagi, hal itu terjadi ketika tak ada orang yang bisa diandalkan di rumah. Namun, kini semua alat rumah tangga yang rusak bisa diperbaiki hanya dengan menggerakkan jari-jari tangan.

Dalam keterangan tertulis, Sabtu (31/3), cukup dengan mengunduh Yoofix maka dengan mudah para eksekutif muda dan ibu rumah tangga dalam menyelesaikan pekerjaannya. Yoofix menghadirkan jasa untuk mempermudah perawatan properti sehari-hari, seperti AC, Plumbing (pipa), Mechanical Electrical (servis elektronik), General Cleaning (membersihkan rumah), dan Painting (mengecat).

Yoofix juga menawarkan berbagai macam kemudahan, kecepatan dalam melakukan pemesanan dan penanganan, pembayaran, hingga sistem monitoring. Caranya, mengadopsi sistem pencarian teknisi dari lokasi terdekat dari pelanggan atau pengguna, maka hal itu dapat mempercepat para teknisi untuk menuju tempat konsumen.

""Dengan menganut sistem harga per 4 jam, menjadikan hasil pekerjaan service AC ekonomis, pekerjaan yang dilakukan oleh teknisi detail dan tidak terburu-buru"", tutur satu pelanggan di Cikini, Febby.

Testimoni juga disampaikan oleh seorang asisten rumah tangga di Kemanggisan, Daniel. Dia mengungkapkan selama ini sulit mencari teknisi alat elektronik yang jujur dan tidak asal memperbaiki. Tetapi, akhirnya terbantu dengan adanya aplikasi Yoofix.

""Garansi pekerjaan juga diberikan, kini tinggal buka aplikasi dan teknisi segera datang,"" jelasnya.

Untuk dapat menggunakan aplikasi ini maka para calon konsumen cukup membuka laman www.yoofix.com atau bisa diunduh langsung melalui Playstore (bagi pengguna Android) dan Appstore (bagi para pengguna Apple)."
