"berita"
"Barang antik seperti lukisan, guci, dan keramik memang selalu menarik masyarakat. Bukan hanya bentuknya yang unik, sejarahnya yang unik pun membuat barang antik makin diburu meskipun memiliki harga yang fantastis.

Lalu, penasaran barang antik apa saja yang memiliki nilai fantastis?

Berbagai macam karya seni dari mulai kain batik, lukisan, hingga guci dipamerkan di ajang 'Indonesian Arts Exhibition' di Jababeka Convention Center (JCC) Cikarang.

Sedikitnya ada 70 karya dari seniman lukis Indonesia dari segala gaya di abad ke-19 yang dipelopori oleh Raden Saleh. Ada pula karya lima maestro seni rupa Indonesia yaitu Affandi, Kartika Afandi, Hendra Gunawan, Soedibio, H Widayat. Selain itu, ada 159 seni batik lukis, patung, instalasi, dan guci.

""Pameran ini dapat meningkatkan pertumbuhan industri kreatif Indonesia dalam seni budaya yang tak kalah dengan negara lain,"" kata Founder dan Kolektor OHD Museum, Oei Hong Djien, Rabu (17/1).

Harganya tak tanggung-tanggung, ada lukisan yang mencapai ratusan juta rupiah. Sementara untuk guci atau keramik asal Tiongkok, berasal dari lintas dinasti yakni Dinasti Ming dan Tang harganya bisa mencapai puluhan juta rupiah. Padahal, hanya untuk piringan kecil.

Menteri Agraria dan Tata Ruang (ATR), Sofyan Djalil, yang menghadiri pameran tersebut juga antusias berkeliling melihat karya seni. Dia mendorong agar seni dan industri kreatif bisa menjadi bagian dari gaya hidup (lifestyle) di era kemajuan zaman saat ini.

""Para kolektor kini memiliki tempat. Para seniman juga semakin dihargai atas karya hebat mereka,"" kata Sofyan.

Desainer Harry Darsono, perancang gaun Princess Lady Diana juga hadir dalam pameran tersebut. Dia mengaku bangga atas perkembangan seni di tanah air salah satunya lewat karya fesyen.

""Saya lama di luar negeri dan baru kembali dari luar, dan saya semakin bangga dengan tanah air, bangga menjadi Indonesia dengan fesyen dan karya seni yang semakin berkembang,"" tutup Harry."
