"berita"
"Xiaomi memenangkan kontrak dan memulai pengembangan di markas besar barunya di Wuhan, Tiongkok tahun lalu. Tempat ini akan menjadi kantor sekaligus pusat penjualan baru dan ditargetkan menampung hingga 10 ribu insinyur baru. Mereka akan mengembangan ekosistem Internet of Things (IoT) dan Artificial Intelligence (AI) atau kecerdasan buatan.

Sebagaimana JawaPos.com kutip dari QQNews via Gizchina, Kamis (18/4), seorang wartawan yang mewawancarai pejabat terkait baru-baru ini memperoleh konfirmasi bahwa markas tersebut siap beroperasi pada Q4 2019 mendatang. Bangunannya terletak di zona teknologi tinggi administratif. Daerah ini juga disebut lembah optik pusat yang menjadi markas perusahaan besar teknologi.

Menurut sumber terpercaya, Kantor Pusat Xiaomi Wuhan akan mempekerjakan insinyur baru dan akan memimpin pengembangan untuk sejumlah besar kategori. Beberapa di antaranya termasuk kecerdasan buatan, IOT, Big data, teknologi cloud, e-commerce, dan sayap keuangan Xiaomi sendiri. Markas besar baru Xiaomi itu untuk saat ini dibagi menjadi dua bangunan. Bangunan utama akan menampung ruang kantor dan gedung kedua untuk ruang pamer serta ruang makan yang besar.

“Wuhan sangat cocok untuk pusat riset dan pengembangan karena berlokasi di pusat Tiongkok dan memiliki banyak talenta berkat universitas terkemuka yang berlokasi di wilayah tersebut. Dengan rencana untuk membangun kantor pusat hingga 10.000 staf, Xiaomi ingin membangun Wuhan sebagai pusat baru era AI,” kata pendiri Xiaomi Lei Jun yang merupakan penduduk asli Wuhan sendiri.

Selain pesona hub atau kantor teknologi baru, sebagian besar perusahaan teknologi di Tiongkok tergiur meninggalkan kantor yang lama karena sudah penuh. Selain itu, mereka juga ditawarkan untuk mendapatkan tunjangan oleh pemerintah daerah untuk mendirikan toko dan mengurangi biaya operasional.

Kantor Pusat Xiaomi Wuhan yang baru hanyalah awal dari ekspansi Xiaomi setelah mereka mencatatkan namanya di bursa saham Hongkong (HEX1810). Ini juga merupakan tren baru-baru ini untuk perusahaan besar lainnya di Tiongkok yang juga banyak berpindah markas besar. Perusahaan seperti Alibaba, Huawei, dan yang lain semuanya telah pindah dari hub lama ke hub baru yang lebih besar."
