"berita"
"Komisi Pemberantasan Korupsi dikabarkan telah memilih seorang Deputi Penindakan untuk mengisi jabatan yang kosong semenjak ditinggalkan Heru Winarko karena terpilih menjadi Kepala BNN. Ihwal adanya hal ini dikatakan Ketua KPK Agus Raharjo.

""Tes kemarin sudah dilakukan. Kelihatannya deputi sudah ditemukan dari hasil tes itu,"" kata Ketua KPK Agus Raharjo, Rabu (4/4).

Wakil Ketua KPK Saut Situmorang mengatakan, dari tiga nama yang sempat diwawancarai pihaknya, terpilih Kapolda NTB Brigjen Pol Firli. Dia menyisihkan dua calon dari korps adhyaksa, yakni Wisnu Baroto dan Witono. 

“Amin, rencana begitu (Firli dipilih),” kata Wakil Ketua KPK Saut Situmorang kepada JawaPos.com, Rabu (4/4).

Senada dengan Saut, sejumlah pegawai KPK yang dikonfirmasi JawaPos.com juga mengamini apa yang dikatakan Saut. Namun, kendati dikabarkan telah dipilih, SK pengangkatan jenderal bintang satu itu untuk menempati posisi strategis di tubuh KPK belum diterbitkan. Meski demikian, rencananya Firli akan dilantik oleh pimpinan KPK Jumat (6/4).

Sebelumnya, Juru Bicara KPK Febri Diansyah mengatakan pada Senin (26/3), telah dilakukan wawancara oleh Pimpinan KPK terhadap 3 calon Deputi Bidang Penindakan KPK. Mereka antara lain, Kapolda NTB Brigjen Pol Drs. Firli, mantan Jaksa Penuntut Umum KPK Wisnu Baroto dan Witono.

""Wawancara dengan pimpinan KPK dilakukan proses seleksi dilakukan secara bertahap oleh lembaga independen atau eksternal,"" tukasnya pada awak media melalui pesan singkat, Selasa (27/3).

Menanggapi sosok tiga calon deputi ini, peneliti Indonesia Corruption Watch Lalola Ester angkat bicara. Menurut dia, tiga sosok ini tidak layak menduduki jabatan penting di KPK. Ini karena menurutnya, tiga orang yang diajukan oleh institusi kepolisian dan kejaksaan tersebut tidak patuh melaporkan harta kekayaannya.

“Wisnu Baroto terakhir mendaftarkan LHKPN pada 2011 dengan total kekayaan Rp 866 juta saat diangkat menjadi Aspidum Kajati Sulsel,” kata Lalola kepada JawaPos.com, Selasa (27/3). Padahal saat ini, dia telah menjabat sebagai Direktur Eksekusi dan Eksaminasi pada Jampidsus Kejagung.

Sementara, Firli tercatat melaporkan LHKPN pada 31 Maret 2002, dengan total kekayaan senilai Rp 162 juta. Padahal saat ini dia menjabat sebagai Kapolda NTB.

Untuk Witono sendiri terakhir melaporkan LHKPN pada 2015 silam dengan total kekayaaan Rp 947 juta. ""Tidak ada rekam jejak yang signifikan dalam kerja pemberantasan korupsi,"" kata Lola.

Lola mengatakan, dengan belum diperbaharuinya LHKPN tersebut, maka hal ini harus menjadi pertimbangan bagi KPK untuk tidak memilihnya.

""Kalau untuk teknis administratif dan kepatuhan saja masih minim, bagaimana mau jadi Deputi KPK? Harusnya hal ini juga jadi pertimbangan serius bagi KPK. Jangan sampai orang yang terpilih nanti selain rekam jejaknya tidak terlalu menonjol, diperparah dengan ketidakpatuhannya terhadap hal yang bahkan sifatnya teknis administratif,"" tegasnya.

Hal senada juga dikatakan oleh Ketua Umum Pimpinan Pusat Pemuda Muhammadiyah, Dahnil Anzar Simanjuntak. Katanya, tak adanya kesadaran untuk melaporkan LHKPN, maka tiga calon tersebut diragukan letak integritas dan komitmen melawan korupsi.

""Tidak pernah lapor LHKPN, di mana integritas dan komitmen lawan korupsinya?"" tandasnya.

Oleh karena itu, Dahnil menyarankan agar hal ini jadi pertimbangan matang-matang untuk menolak ketiganya menduduki jabatan deputi penindakan.

""Ketika pimpinan KPK dan konsultan independen mengabaikan hal yang mendasar ini, terang memang KPK kehilangan independensi dan membiarkan praktik perusakan KPK dari dalam melalui pola rekrutmen yang miskin integritas,"" tutupnya."
