"berita"
"Sebanyak 56 bangunan perpustakaan di Kabupaten Bojonegoro, Jawa Timur mangkrak. Data Dinas Pendidikan Bojonegoro menyebutkan, saat ini bangunan perpustakaan yang diperuntukkan Sekolah Dasar (SD) dalam keadaan terbengkalai.

""Bangunan perpustakaan yang mangkrak ini merupakan proyek tahun 2016 yang belum terselesaikan,"" kata Kepala Seksi Sarana Prasarana SD Dinas Pendidikan Bojonegoro M Zamrony, Selasa (3/4).

Kondisi pengerjaan proyek pembangunan gedung perpustakaan tersebut, saat ini baru mencapai 60-70 persen. Padahal, lanjut dia gedung itu sangat diperlukan sebagai fasilitas proses belajar mengajar bagi murid-murid SD di wilayah Kabupaten Bojonegoro.

Menurut Zamrony, penyebab terbengkalainya perpustakaan-perpustakaan tersebut disebabkan karena setiap usulan anggaran untuk penyelesaian pembangunan selalu diabaikan.

""Bahkan selama kurun waktu dua tahun ini, dana anggaran khusus dari pusat untuk SD tidak bisa dicairkan. Karena mengalami masalah saat memasukkan data,"" tutur dia menjelaskan.

Kepala Badan Pengelolaan Keuangan dan Aset Daerah (BPKAD) Kabupaten Bojonegoro Ibnu Soeyuti mengatakan, seharusnya setiap perencanaan pembangunan gedung fasilitas sekolah harus segera diselesaiakan. Apalagi gedung tersebut sangat bermanfaat untuk kecerdasan murid.

""Sebenarnya, anggaran APBD untuk Disdik mencapai 20 persen. Sumber dana itu berasal dari DAK, DBH migas dan beberapa pajak lainnya,"" jelas Ibnu Soeyuti.

Pihaknya menyarankan, supaya Disdik Bojonegoro membuat surat yang berisi tentang jalan keluar. Agar pembangunan gedung perpustakaan yang mangkrak tersebut segera terselesaikan.

""Surat itu, ditujukan kepada Pj Bupati, Bapedda, DPRD Komisi C,"" tutupnya."
