"berita"
"PT PP Presisi Tbk (PPRE) membukukan pendapatan sebesar Rp 867 miliar pada kuartal I 2019. Pendapatan Perseroan meningkat signifikan sekitar 39 persen dibandingkan pendapatan periode yang sama tahun lalu yang tercatat sebesar Rp 623,6 miliar.

Direktur Keuangan PPRE Benny Pidakso mengatakan, peningkatan pendapatan anak usaha PT PP (Persero) Tbk (PTPP) itu, berasal dari order book yang sedang dikerjakan senilai Rp 12,8 triliun. Order book ini terdiri dari kontrak baru PPRE per Maret 2019 sebesar Rp 1,61 triliun dan carry over tahun 2018 sekitar Rp 11,2 triliun.

“Sebagian besar pendapatan atau lebih dari 80 persen, berasal dari segmen konstruksi. Sisanya adalah dari persewaan peralatan dan ready mix,” ujarnya di Jakarta, Selasa (30/4).

Jika ditinjau dari sisi geografis, kata dia, pendapatan terbesar PPRE dikontribusikan oleh wilayah Sumatera. Di kawasan tersebut, PPRE diantaranya sedang mengerjakan proyek bendungan Way Sekampung dan Formwork Pollux Batam.

Adapun untuk tahun 2019, perusahaan kontraktor yang fokus ke pekerjaan sipil dan struktur bangunan itu, menargetkan pendapatan sebesar Rp 4,2 triliun. Angka ini naik 37,6 persen dibandingkan realisasi pendapatan Perseroan sepanjang tahun 2018.

Seiring lonjakan pendapatan, PPRE berhasil mencetak laba sebesar Rp 101 miliar pada kuartal I 2019. Laba Perseroan melejit sekitar 70 persen dibandingkan Rp 59,6 miliar realisasi pada periode yang sama tahun 2018.

Kenaikan laba Perseroan secara tajam selama tiga bulan pertama tahun ini, menambah keyakinan manajemen akan mampu mencapai target laba lebih dari Rp 600 miliar tahun ini.

“Sehingga earning per share (EPS) PPRE tahun ini menjadi Rp 60 per saham,” imbuhnya.

Pada kuartal I 2019, marjin laba PPRE tercatat meroket menjadi 11,65 persen dibandingkan 9,55 persen pada periode yang sama tahun 2018. Kenaikan marjin laba PPRE lebih tinggi dibandingkan rata-rata industri. Kuartal I 2019, Pendapatan PP Presisi Meningkat 39 Persen Jadi Rp 867 Miliar"
