"berita"
"Kementerian Keuangan (Kemenkeu) menyampaikan, pencairan rapel kenaikan gaji Pegawai Negeri Sipil (PNS), TNI dan Polri sebesar 5 persen sudah dicairkan. Hingga kemarin, Selasa (16/4), pendistribusian kenaikan gaji ini sudah mencapai 94 persen.

Menteri Keuangan Sri Mulyani Indrawati mengatakan, yang tersisa hanya daerah terpencil seperti Maluku dan Papua yang belum cair. “Sekarang sudah mencapai lebih dari 93 persen sampai dengan kemarin sore,” ujar Sri Mulyani saat ditemui usai Nyoblos di Kediamannya, Bintaro, Tangerang Selatan, Rabu (17/4).

Sebagai informasi, Kementerian Keuangan mengeluarkan peraturan terkait kenaikan gaji pokok Pegawai Negeri Sipil (PNS), TNI dan Polri. Hal itu tercantum dalam Peraturan Pemerintah Nomor 15 Tahun 2019 tentang Perubahan ke 18 Atas Peraturan Pemerintah (PP) Nomor 7 Tahun 1977 tentang Peraturan Gaji Pegawai Negeri Sipil yang telah ditandatangani oleh Presiden Joko Widodo pada 13 Maret 2019 lalu.

Kenaikan gaji PNS gaji pokok terendah masa kerja 0 tahun menjadi sebesar Rp 1.560.800. Besaran itu naik dari yang sebelumnya Rp 1.486.500. Sedangkan, kenaikan gaji tertinggi dengan masa kerja 32 tahun menjadi sebesar Rp 5.901.200. Besaran itu naik dari sebelumnya Rp 5.620.300."
