"berita"
"RAP, 16, warga Desa Sepanjang, Kecamatan Gondanglegi, Kabupaten Malang, Jawa Timur, harus berurusan dengan polisi. Remaja putus sekolah itu diduga melakukan pembobolan rumah salah satu tetangganya. Korban bernama Joko Priyono.

Saat beraksi, RAP tidak sendirian. Dia dibantu seorang rekan bernama Kristanto, 37, warga Kecamatan Gedangan, Kabupaten Malang. Kedua pelaku hanya menggunakan alat sederhana ketika beraksi. Yakni, sebuah sendok makan.

""Sendok makan itu digunakan untuk mencongkel pintu. Setelah berhasil diungkit, baru dibuka,"" kata Kasubbag Humas Polres Malang AKP Farid Fathoni, Rabu (4/4).

Aksi pencurian dilakukan Senin (2/4) malam. Pelaku mengambil barang di dalam lemari milik korban yang tidak dikunci. Antara lain satu unit grenda mesin atau alat pemotong elektrik, penghalus kayu elektrik dan satu unit aki kendaraan bermotor.

Setelah berhasil menggarong, keduanya kabur dari pintu belakang. Tiga alat elektronik itu tidak segera dibawa pulang. Melainkan disembunyikan di tanah kosong di langgar wakaf.

""Pelaku kemudian sembunyi di rumah salah satu rekannya. Korban yang merasa kehilangan barang, akhirnya melaporkan kejadian ini kepada polisi,"" imbuh Farid.

Usai menerima laporan, polisi segera mencari pelaku. Tak menunggu waktu lama, RAP dapat diringkus petugas dari Polsek Gondanglegi. Namun, Kristanto melarikan diri.

""Satu pelaku masih buron. Sementara RAP kami limpahkan ke Unit Perlindungan Perempuan dan Anak (UPPA) Polres Malang. Karena usianya masih di bawah umur,"" tegas Farid."
