"berita"
"Koordinator Juru Bicara Badan Pemenangan Nasional (BPN) Prabowo Subianto-Sandiaga Uno, Dahnil Anzar Simanjuntak membantah rumor yang beredar di jejaring Whatsapp soal Sandiaga. Sandiaga diisukan diusir Prabowo karena tidak ikut mengklaim kemenangan Pilpres 2019.

Dahnil mengaku berada di rumah Prabowo, Jalan Kertanegara, Jakarta Selatan, Rabu (17/4) malam. Dari situ, dia mengaku tahu benar duduk perkara kejadian. “Jadi enggak ada. Orang saya di situ. Banyak yang di situ,” kata Dahnil di Kertanegara, Jakarta Selatan, Kamis (18/4).

Dahnil menjelaskan, Sandiaga menderita sakit cegukan saat Rabu pagi. Eks Wakil Gubernur DKI Jakarta itu bahkan sampai kehilangan suara.

“Bang Sandiaga cegukan enggak berhenti. Cegukan, suaranya hilang,” ucap Dahnil.

Menurut dia, sakit cegukan yang diderita Sandiaga terus terjadi ketika berbincang dengan Prabowo. Prabowo lantas menyarankan Sandiaga untuk beristirahat.

Dahnil menganggap wajar Sandiaga menderita sakit cegukan. Sebab, Sandiaga menjalani aktivitas padat beberapa hari sebelum pencoblosan Pilpres 2019.

“Sehabis pemilihan, Bang Sandiaga udah di sini (Rumah Prabowo), duduk bareng Pak Prabowo. Sambil diskusi menunggu berita dari kawan-kawan di lapangan,” jelas Dahnil.

Sebelumnya, beredar rumor di jejaring media sosial yang menyatakan Prabowo mengusir Sandiaga karena tidak mau mengklaim kemenangan Pilpres 2019.

Dalam kabar tersebut, Prabowo ingin mendeklarasikan diri menang Pilpres. Namun, Sandiaga memberi saran agar deklarasi tidak dilaksanakan.

Masih dalam kabar tersebut, Prabowo disebut marah ke Sandiaga. Sebab, Sandiaga menunjukkan sikap lembek. Seperti tertulis di kabar yang sama, Prabowo menggebrak meja atas sikap Sandiaga. Ketua Umum Gerindra itu lantas mengusir Sandiaga dari kediamannya."
