"berita"
"Teknologi robot untuk membantu proses produksi mulai diperkenalkan di Indonesia. Penggunaan tenaga robot tidak akan mematikan pemanfaatan tenaga manusia. Kolaborasi tenaga manusia dan memanfaatkan teknologi robot justru akan meningkatkan efisiensi proses produksi.

Head of Robotics ABB Indonesia Mugi Harfianza menilai penggunaan robot dalam dunia manufaktur dapat menghemat biaya suatu produksi. Dengan menggunakan Collaborative Robot yang merupakan keluaran ABB setidaknya dapat menghemat biaya operasional hingga 20%.

“Kalau bicara robotics saja, kami implementasikan automation dibandingkan dengan manual operation secara umum setidaknya penghematan 20% dari operasional ehingga dapat terjadi efisiensi,” kata Mugi di Jakarta, Selasa (16/4).

Menurut Mugi, dengan Collaborative Robot milik ABB, setidaknya pabrik dapat berproduksi 22-24 jam tanpa henti. Meski begitu bukan berarti robot keluaran ABB ini menggantikan peran manusia. Robot yang dikembangkan dirancang untuk aplikasi yang dapat berkolaborasi dengan manusia dalam berbagai hal pekerjaan. Ini sangat berbeda dengan industrial robot industrial robot yang biasanya dipisahkan area bekerjanya dengan manusia.

Selain dapat menciptakan efisiensi, tambah Mugi, robot yang bekerja sama dengan manusia ini dapat menciptakan konsistensi sehingga energi dan biaya dapat semakin berkurang karena produk menjadi lebih konsisten.

Menurut Mugi, jumlah robot yang telah dipasarkan di Indonesia mencapai 1000 unit. Jumlah ini terus berkembang mengingat inovasi yang terus diciptakan perusahaan seperti Collaborative Robot tersebut.

“Di Indonesia, kami menyasar sejumlah industri seperti Food & Beverages, otomotif, elektronik, dan farmasi. Jumlah yang telah dipasarkan adalah populasi robot ABB yang sedang beroperasi di Indonesia. Namun, kami pasti terus mendorong untuk penggunaannya bertumbuh,” ujarnya.

Penjualan robot ABB, kata Mugi, 50% diantaranya lebih banyak digunakan untuk industri Food & Beverages. Sedangkan sisanya untuk industri lainnya seperti otomotif dan general industries seperti plastik, metal, dan petrochemical."
