"berita"
"Wakil Gubernur DKI Jakarta Sandiaga Uno membeberkan hubungan antara Korea Utara dan Korea Selatan yang sudah semakin membaik. Hal itu menjelang ajang Asian Games 2018 yang akan digelar di Indonesia, kedua negara tersebut diketahui akan berlaga dengan satu bendera.

""Kita akan welcome dengan Korea Selatan dan Korea Utara yang kemungkinan berlaga di Asian Games dengan bendera yang sama,” ujarnya di Kampus UHAMKA, Kebayoran Baru, Jakarta Selatan, Sabtu (28/4).

Sandi mengaku bangga karena Indonesia bisa menjadi tuan rumah dan memfasilitasi perubahan geopolitik di dunia, khususnya Asia. Menurutnya, perdamaian Korea seharusnya bisa ditiru masyarakat tanah air dan ibu kota.

""Kita lihat dulu kan Korsel dan Korut selalu bermusuhan, sekarang sudah berdamai. Kita harusnya mendapat inspirasi bagi DKI dan Indonesia yang selama asyik saling pecah belah. Seteru abadi itu tidak ada, kawan abadi memang tidak ada,"" tutur dia.

Politikus Partai Gerindra itu mengajak masyarakat untuk bersatu padu memajukan bangsa. “Kita harus pastikan kita punya interest yang sama, kita punya kepentingan yang sama untuk memajukan bangsa,” katanya.

Sementara itu, dalam rangka menyambut perdamaian pada perhelatan olahraga terbesar se-Asia tersebut, dirinya yakin untuk membuat acara khusus bagi Korsel dan Korut. Salah satunya dengan cara membuat festival masakan Korea, mengingat menjamurnya restoran ala Korea di Jakarta.

""Ini akan dibuatkan acara khusus Korsel dan Korut. Kebetulan Jakarta itu salah kota dengan polulasi restoran Korea terpadat. Kesempatan ini bisa dibuatkan festival masakan Korea,"" pungkas Sandi.

Seperti yang diketahui, Indonesia akan menggelar perlombban olahraga tersebut pada 18 Agustus-2 September 2018 mendatang. Selain Jakarta, Palembang juga terpilih menjadi kota yang akan menyelenggarakan Asian Games 2018."
