"berita"
"Google memamerkan preview beta kedua sistem operasi (OS) Android Q (10) belakangan ini. Artinya, Google masih butuh waktu untuk merampungkan Android Q dengan sejumlah pengembangan.

Kendati Android Q belum rampung, Google dikabarkan telah mempersiapkan OS Android selanjutnya, yakni Android R. Sebagaimana JawaPos.com kutip dari Gizchina, Sabtu (13/4), urutan abjad kerap menjadi acuan penamaan OS Android. Setelah ‘Q’, selanjutnya adalah ‘R’.

Akun Twitter resmi Android Developer selaku pengembang Android mengumumkan bahwa Konferensi Tingkat Tinggi (KTT) Pengembang Global Android akan digelar 23 hingga 24 Oktober mendatang. Tempatnya di Google Event Center (MP7) di Sunnyvale, California, Amerika Serikat (AS).

Meskipun tweet tidak menjelaskan tentang apa yang akan dibahas, informasi dari sumber yang dekat dengan perusahaan menunjukkan bahwa Google kemungkinan akan mengumumkan informasi terkait sistem ‘Android R’ untuk pertama kalinya.

Seperti sudah disinggung di atas, saat ini kode huruf awal versi sistem Android Google berkembang dalam urutan alami dari 26 karakter alfabet. Jadi huruf ‘R’ tentunya akan hadir setelah ‘P’ dan ‘Q’, meski gagasan Android R hanyalah spekulasi luas yang beredar.

Dalam waktu dekat, sebagaimana diketahui akan ada konferensi Google I/O pada 7 Mei mendatang. Namun menurut perkembangannya, versi resmi Android Q tidak akan dirilis pada waktu itu. Sebagai gantinya, musim gugur tahun ini dipilih sebagai waktu yang tepat bagi Google merilis Android Q-nya.

Dalam pemberitaan kami sebelumnya, dari perspektif Android Q, Google juga telah membuat banyak perbaikan dalam penghematan daya, operasi gerakan, manajemen notifikasi, kontrol akses, keamanan, dan yang lainnya. Di Android Q, tentu banyak pihak berharap bahwa produsen dapat lebih memutakhirkan OS paling laris itu. Kita nantikan saja."
