"berita"
"Isu berita bohong alias hoax menyita perhatian sejumlah pihak. Apalagi, situasinya kini memasuki tahun politik jelang Pilkada 2018 dan Pemilihan Legislatif serta Pemilihan Umum 2019.

Salah satu yang konsern pada kasus ini adalah Panglima TNI Marsekal Hadi Tjahjanto. Dia mengatakan bahwa sangat mungkin masyarakat yang menggunakan media sosial dipengaruhi berita hoax maupun ujaran kebencian.

""Untuk itu, mari kita sama-sama mengantisipasi hal tersebut, demi terlaksananya pesta demokrasi yang aman dan sukses,"" ujarnya dalam keterangan tertulis yang diterima JawaPos.com, Jumat (23/2).

Dia juga menekankan, pada tahun politik ini, personel TNI dan Polri, termasuk purnawirawan dari kedua lembaga dan keluarganya tidak memanfaatkan satuan maupun fasilitas. Khususnya dalam mendukung pelaksanaan Pilkada 2018 maupun Pileg serta Pilpres 2019.

""Semoga apa yang menjadi komitmen kita bersama, dapat terlaksana demi suksesnya pesta demokrasi. Netralitas TNI dan Polri adalah harga mati dan tidak bisa ditawar-tawar lagi, harus benar-benar kita hormati,"" tegas Hadi.

Sementara itu, dia menerangkan bahwa prajurit TNI akan mendukung Polri dalam mengamankan pesta demokrasi tersebut. Di sisi lain, Hadi menegaskan bahwa TNI-Polri tetap solid dalam segal hal.

""Mari kita bangun soliditas di antara segenap prajurit TNI dan Polri. Kita tidak akan bisa membangun sinergi dengan komponen bangsa lainnya, bila kita tidak mampu mewujudkan solidaritas diantara kita sendiri,"" tuturnya.

Hadi turut menyampaikan bahwa sampai dengan saat ini institusi TNI dan Polri, dinilai sebagai institusi yang mendapatkan tingkat kepercayaan publik tertinggi. ""Mari sama-sama menjaga kepercayaan yang diberikan rakyat kepada kita,"" pungkasnya."
