"berita"
"Persatuan Pelajar Indonesia Taiwan cabang National Central University (NCU) kembali mengadakan kegiatan tahunan yakni Indonesia Cultural Days (ICD) 2018. Ditengah kesibukan belajarnya, para mahasiswa Indonesia tetap melakukan kontribusi besar untuk mengharumkan nama bangsa di mata internasional.

Akan berlangsung selama 2 hari mulai tanggal 7 hingga 8 Maret 2018 di kampus National Central University, kota Taoyuan, distrik Zhongli, Taiwan, ICD merupakan kegiatan yang memperkenalkan kebudayaan dan keragaman Bangsa Indonesia di kalangan masyarakat internasional yang berada di Taiwan.

“Dalam menyusun acara ICD kali ini, kami mengupayakan agar dapat mengcover seluruh budaya Indonesia yang tidak dapat diperkenalkan pada saat acara ICD sebelumnya,"" ujar Hanas sebagai Ketua PPI NCU, Sabtu (3/3).

Sedangkan, Riyan Benny Sukmara, Ketua Pelaksana ICD 2018 memgungkapkan acara yang mengangkat tema budaya memang menajdi daya tarik tersendiri, khususnya di lingkungan NCU. ""Hal ini terbukti sudah dua tahun berturut- turut acara ICD dihadiri oleh ratusan peserta dari berbagai kalangan dan negara,"" ungkap Benny.

Di hari pertama ICD 2018, akan ada parade yang mengelilingi kampus NCU. Nantinya, parade akan diramaikan penggunaan kostum pakaian adat dan tarian khas Indonesia. Uniknya, Parade ini juga melibatkan mahasiswa asal Jerman, Timur Tengah, Cina, Taiwan, dan sebagainya. Dengan harapan, banyak mahasiswa NCU yang akan datang ke acara ICD 2018.

Selain itu, adapula pameran dengan lima booth yang menampilkan ragam keunikan budaya di Indonesia. Sedangkan di hari kedua ICD 2018, akan ada drama tentang Legenda Danau Toba, serta tarian khas Indonesia seperti tari Melayu, Bali, Tortor, Dayak, dan Jawa. Penampilan diakhiri dengan paduan suara yang menyanyian lagu Rayuan Pulau Kelapa, Gundul-Gundul Pacul, dan Jaranan.

“Sudah banyak persiapan yang dilakukan, kemarin misalnya, walaupun dengan suhu yang mencapai 10 derakat celsius, namun para performer tetap berlatih tanpa lelah,"" ungkap Fajar selaku Sutradara drama bertemakan Legenda Danau Toba dalam ICD 2018, Sabtu (3/3).

Tidak hanya performer, berbagai kegiatan lainnya pun telah dipersiapkan oleh mahasiswa Indonesia dari ragam divisi di NCU. “Ini merupakan kontribusi kami terhadap Indonesia, walaupun jauh dari Tanah Air, namun Indonesia tetap di hati saya,"" ujar Fadhli, salah seorang mahasiswa Jurusan Computer Science.

Dalam pelaksanaan kegiatan ini, mahasiswa Indonesia di Taiwan mendapat dukungan dari berbagai pihak yang memiliki visi dan misi yang sama. Semua dukungan ini merupakan manifestasi dari budaya gotong royong Indonesia untuk mengharumkan nama Bangsa dari luar negeri."
