"berita"
"Aksi vandalisme di Masjid Jami Al-Hikmah, Jalan Lebak Bulus 3 No 1C RT 008 RW 004 Kelurahan Cilandak Barat, Jakarta Selatan terekam kamera CCTV. Selain Masjid Jami Al-Hikmah, ternyata Masjid Jami Nurul Falah juga jadi sasaran aksi itu. Hingga kini polisi masih mendalami apakah terduga pelaku dalam kejadian ini sama.

Seperti diberitakan Radar Bogor (Jawa Pos Group), dalam rekaman CCTV, pelaku tampak menggunakan motor. Dia turun dari motor dan mengenakan helm. Pelaku tidak melepas sepatu saat masuk ke teras masjid. Dia langsung mengeluarkan Pylox, lalu mencoret pilar di masjid dengan gambar kemaluan.

Dalam rekaman CCTV itu pula, si pelaku sempat masuk hingga ke dalam masjid dan mencoret dinding dekat mimbar dengan gambar serupa. Aksi ini diketahui seorang warga yang sedang mengaji dan langsung menegurnya hingga akhirnya pelaku pergi.

Sama dengan yang terjadi di Masjid Jami’ Al-Hikmah. Sebuah masjid di kawasan Lebak Bulus, Cilandak, Jakarta Selatan juga menjadi sasaran aksi vandalisme pelaku. Masjid Jami’ Nurul Fallah itu juga dicoret dengan gambar kemaluan.

Seorang warga bernama Mansur, 60, mengungkap peristiwa itu terjadi subuh tadi. Dia mengaku sempat bertemu dengan pelaku di depan masjid.

“Saya lagi diri di depan masjid, saya nengok ke utara, terus nengok ke selatan ada orang nyoret-nyoret,” kata Mansur di lokasi, Kamis (18/4).

Mansur mengatakan, coretan itu berupa gambar kemaluan pria yang disemprot dengan menggunakan pylox warna merah. Sekilas, cara penggambarannya mirip dengan gambar yang ada di Masjid Jami’ Al-Hikmah.

“Ada tiga (titik gambar), di pintu masjid, di samping pintu masjid sama di tiang masjid,” katanya.

Soal vandalisme di dua masjid, Kanit Reskrim Polsek Cilandak, Iptu Sofyan Suri mengaku pihaknya sedang mendalami dua kasus tersebut. “Kami masih dalami pelakunya sama atau tidak,” kata Iptu Sofyan Suri.

Menurut dia, sudah empat saksi lebih yang diperiksa polisi. Namun, belum bisa disimpulkan motif pelaku melakukan aksi nekatnya itu, apakah iseng semata atau tidak. “Sejauh ini sudah ada empat saksi lebih yang kami periksa,” katanya lagi."
