"berita"
"Tradisi yang sudah berlangsung selama puluhan tahun di NBA All Star Game akhirnya berubah. Tahun ini tak ada lagi dua tim tradisional, Tim Timur vs Tim Barat. Digantikan oleh Tim LeBron dan Tim Stephen.

Dua pemain bintang NBA yang dijadikan nama tim tersebut berhak menentukan pemain yang di-draft untuk masuk dalam pasukannya. Pemilihan pemain tidak lagi bergantung kepada wilayah tempat klub yang mereka bela.

Usai menang 148-145 dalam laga yang dramatis, Lebron James akhirnya mengungkapkan urutan draft pemain yang tampil sebagai starter. Tentu saja, pilihan ini tidak termasuk dirinya yang sudah dipastikan tampil sebagai starter.

Menurut Sports Ilustrated, bintang Cleveland Cavalliers ini mengambil Kevin Durant sebagai draft pertama. Dilanjutkan dengan big man New Orleans Pelicans, Anthony Davis. Untuk posisi point guard, LeBron pun memilih Kyrie Irving yang kini berkostum Boston Celtics. Terakhir barulah dia mengambil DeMarcus Cousins sebagai center.

Namun, sebelum laga, Cousins ternyata mengalami cedera. LeBron pun menggantikannya dengan Russell Westbrook. Kehadiran Westbrook membuat Davis beralih posisi menjadi center.

Dalam laga All Star Game kali ini, selain memenangkan pertandingan, King James juga didapuk sebagai Most Valuable Player (MVP). LeBron meraih double-double dengan 29 poin, 10 rebound, dan 8 assist.

Inilah kali ketiga LeBron menerima trofi MVP All Star. LeBron pun kini sejajar dengan Oscar Robertson, Michael Jordan, dan Shaquille O'Neal yang berada di peringkat kedua peraih trofi MVP All Star terbanyak dengan tiga trofi. Namun mereka masih berada di bawah Bob Pettit dan Kobe Bryant yang sama-sama sudah meraih 4 trofi MVP All Star."
