"berita"
"Kasus perdagangan orang (human trafficking) dan eksploitasi anak kian banyak terjadi dengan berbagai modus yang memprihatinkan. Modus baru kejahatan ini pun bermunculan.

Mulai dari eksploitasi seksual, anak dimasukkan dalam jeratan prostitusi, eksploitasi ekonomi, anak dilibatkan dalam pekerjaan buruk, bahkan yang nampak wajar seperti program magang ke luar negeri.

Komisioner Komisi Perlindungan Anak Indonesia (KPAI) Bidang Trafficking dan Eksploitasi Ai Maryati Solihah memaparkan, di awal 2018, anak yang menjadi korban perdagangan mencapai delapan kasus, anak korban eksploitasi ekonomi dua kasus, anak korban eksploitasi seksual 13 kasus, dan anak korban prostitusi sebanyak sembilan kasus.

“Jumlah tersebut menjadi bola salju jika melihat akumulasi data Bareskrim Polri 2011-2017 yang menunjukkan angka 422 kasus anak korban kejahatan trafficking dengan modus tertinggi yakni eksploitasi seksual,” kata Ai dalam konferensi pers di Kantor KPAI, Jakarta, Selasa (2/4).

Ai mengatakan, di penghujung 2017 publik dibuat geram dengan berita anak yang dijual kepada Warga Negara Asing (WNA) di Jakarta yang perekrutannya melibatkan anak di bawah umur. Kemudian tiga remaja asal Jawa Barat dieksploitasi secara seksual di sebuah apartemen di Kota Surabaya.

Di sisi lain, kata Ai, eksploitasi pada anak kerap dilakukan oleh orang terdekat. Terlihat dari viralnya seorang anak (baby U 11 bulan) tergeletak lemas di sebuah minimarket hingga akhirnya kepolisian turun tangan mengamankan.

“Terkini, peristiwa trafficking melalui modus penawaran magang palsu kepada sekolah-sekolah kejuruan untuk bekerja di luar negeri seperti Malaysia dengan tindakan eksploitasi yang kejam. Seperti jam kerja hingga 18 jam per hari, gaji rendah, dan tidak diperlakukan manusiawi,” pungkasnya."
