"berita"
"PBSI hingga kini masih belum menentukan skuad untuk Piala Thomas dan Uber 2018 yang akan bergulir pada 20-17 Mei mendatang di Bangkok, Thailand.

Kepala Bidang Pembinaan dan Prestasi PBSI Susy Susanti mengatakan, pihaknya masih ingin mengevaluasi lebih lanjut beberapa pemain di sederet turnamen Federasi Bulu Tangkis Dunia (BWF) pada Maret hingga awal Mei mendatang.

Merujuk pada agenda BWF, setelah Orleans Masters 2018 yang kini tengah bergulir, masih tersisa tiga turnamen BWF lagi yang akan diselenggarakan, yakni China Masters (10-15 April), Selandia Baru Terbuka 2018 (1-6 Mei), dan Australia Terbuka 2018 (8-13 Mei).

""Beberapa atlet masih dipersiapkan untuk beberapa kejuaraan. Selain menjadi ajang uji coba, hasil pertandingan nantinya akan menjadi patokan siapa saja yang layak masuk ke dalam skuad,"" ujar Susy.

Susy menegaskan bahwa hal ini harus dilakukan karena PBSI menginginkan yang terbaik.

""Mereka harus punya tanggung jawab besar pada diri sendiri untuk menyumbang poin. Itu yang akan kami lihat di beberapa turnamen nanti. Siapa yang kami lihat paling bertanggung jawab dalam sebuah pertandingan, dia yang akan kami pilih,"" ujar Susy.

Untuk diketahui, tim putra dan putri Indonesia masuk ke dalam grup neraka di Piala Thomas dan Uber 2018 mendatang. Tim Thomas berada satu grup dengan Thailand, Korea Selatan, dan Kanada. Sementara tim Uber harus berduel dengan Tiongkok, Malaysia, dan Perancis."
