"berita"
"Rumah adalah tempat yang paling nyaman untuk beristirahat. Namun, jika rumah dipenuhi dengan energi negatif, maka akan berdampak buruk pada emosi dan kesehatan penghuninya.

Seperti dilansir Healthy guide, Selasa (3/4), energi negatif memang tidak dapat dilihat dengan mata telanjang, tetapi bisa dirasakan melalui emosional batin. Energi negatif memiliki kemampuan untuk merendahkan nilai kehidupan, menggagalkan impian, mengurangi rasa percaya diri, dan menurunkan imajinasi.

Tapi, ada banyak cara untuk mengusir energi negatif dari rumah. Setidaknya langkah ini akan membantu memulihkan keseimbangan dalam hidup dan anggota keluarga lainnya.

1. Udara Segar dan Sinar Matahari

Energi alam yang luar biasa kuat selalu membuat merasa nyaman. Oleh karena itu, membiarkan sinar matahari dan udara segar masuk ke rumah adalah cara sederhana untuk meningkatkan energi positif. Bukalah pintu dan jendela di pagi hari.

Selain itu, Anda dapat mengekspos tubuh ke sinar matahari di pagi hari dengan berdiri di dekat jendela yang terbuka. Ini akan membantu tubuh memproduksi vitamin D yang sangat penting bagi kesehatan. Selain itu sinar matahari mampu menghilangkan kecemasan dan mengurangi depresi.

2. Tanaman Hidup

Tanaman hidup berkontribusi pada kehijauan dan keindahan untuk rumah. Mereka juga merupakan suplai oksigen yang bagus untuk rumah. Beberapa tanaman hidup dapat meningkatkan aura positif antara lain tanaman bambu, anggrek, kemangi, lily, rosemary, melati, dan lidah buaya. Namun, sebelum menempatkan tanaman hidup di rumah, pastikan memiliki waktu untuk merawatnya.

3. Cermin

Cermin memiliki kemampuan untuk merapikan ruang karena mereka membantu memantulkan cahaya di sekitar dan membuat tempat-tempat gelap terlihat lebih cerah dan luas. Sebuah cermin dengan bingkai yang indah dapat berkontribusi pada ruangan. Itu juga akan membuat ruangan menjadi lebih terbuka.

4. Aroma Minyak Esensial

Menggunakan minyak esensial juga dikenal sebagai cara lain yang bermanfaat tentang cara menghilangkan energi negatif dari rumah, kantor, atau barang apa pun. Aroma minyak esensial yang kuat mampu membuyarkan energi buruk. Ini juga menyegarkan rumah secara alami dan mengundang energi positif untuk memasuki rumah.

Untuk menyingkirkan energi negatif dan meningkatkan kepositifan di rumah, Anda dapat menggunakan berbagai jenis minyak esensial termasuk lemon, lavender, jeruk manis, sage, mawar, dan peppermint."
