"berita"
"Ketua Kontingen Indonesia untuk Asian Games 2018 Komjen Syafruddin mengungkapkan, akan ada partisipasi polisi dan TNI dalam mengurusi para atlet yang akan berlaga di Asian Games 2018 pada bulan Agustus mendatang.

Mereka dilibatkan untuk mendukung kontingen agar lebih leluasa dan bisa mendapatkan pelayanan maksimal.

”Tim TNI dan Polri nantinya terdiri para dokter, tim psikologi, psikiater, dan lainnya” ujar pria yang juga menjabat sebagai Wakapolri itu usai bertemu dengan Wakil Presiden Jusuf Kalla, Jumat (9/3).

Syafruddin menjelaskan, tak kurang dari 20 dokter dan 20 psikolog akan dilibatkan dalam tim khusus yang dia bentuk itu.

Karena lokasi pelatnas tersebar di provinsi DKI Jakarta, Sumatera Selatan, dan Jawa Barat, Syafruddin menuturkan, tiga wakapolda akan diturunkan untuk turut serta mengawasi dan membimbing.

Syafruddin menjelaskan, tugas para anggota polisi dan TNI secara keseluruhan di sini adalah untuk mendukung kerja tim ofisial Asian Games 2018 dan KONI.

""Kalau hanya mengandalkan tim ofisial dan KONI tentu masih sangat terbatas personilnya. Di lima cabang olahraga, mungkin hanya ada satu orang dokter, maka kami akan back up dokter juga. Rumah sakit juga begitu,” tegas dia. (jun)"
