"berita"
"Setelah menghelat acara besar dengan mengundang girl band Blackpink di Bangkok, Thailand dengan meluncurkan Samsung Galaxy A70 dan A80, salah satunya kini mulai dijual di Indonesia. Samsung Galaxy A70 yang kini mulai dipasarkan Samsung di Indonesia.

Sebagai awalan, Samsung Galaxy A70 dijual dengan sistem pra penjualan atau pre order. Head of Product Marketing Samsung Mobile, Samsung Electronics Indonesia, Denny Galant mengatakan, Galaxy A70 bisa dipesan secara online mulai dari tanggal 18-24 April 2019 melalui mitra e-commerce Lazada, JD.id, Blibli. Samsung.com, Bhinneka, Dinomarket dan Shopee, serta offline.

“Pembelian melalui sistem pre order juga bisa dilakukan secara offline di beberapa toko retail resmi Samsung,” katanya dalam keterangan resminya kepada JawaPos.com.

Selama periode pre order, konsumen dijanjikan mendapatkan cash back hingga Rp 500 ribu. Sementara konsumen yang sudah terdaftar dalam periode pra penjualan kemudian dapat mengambil produknya mulai dari tanggal 5 Mei mendatang. Harga Samsung Galaxy A70 di Indonesia Rp 5,8 juta.

Dari segi spesifikasi, seperti sudah diberitakan sebelumnya, perangkat tersebut hadir mirip seperti Galaxy A50 dengan tiga kamera belakang dan layar bertakik dengan bentuk ala tetesan air. Samsung Galaxy A70 menampilkan layar Super Amoled 6,7 inci dengan kemampuan full HD beresolusi 1.080 x 2.400 piksel.

Untuk pasar Indonesia, Samsung belum menyebut prosesor apa yang dipakai untuk perangkat tersebut apakah Snapdragon 675 seperti di peluncuran globalnya atau tidak. Seperti diketahui, Samsung kerap membawa prosesornya sendiri untuk pasar Indonesia yakni Exynos.

Namun untuk dapur pacunya yang lain atau sektor penyimpanan, Samsung Galaxy A70 di Indonesia diketahui hadir dengan pilihan RAM/ROM 6/128 GB.

Pada bagian belakang perangkat Samsung Galaxy A70 terdapat tiga buah kamera utama dengan pembagian 32 MP f/1.7, kamera sudut ultra lebar bersensor 8 MP f/2.2, dan sensor kedalaman berkekuatan 5 MP aperture f/2.2. Sementara kamera selfienya 32 MP dengan bukaan f / 2.0.

Samsung Galaxy A70 hadir dengan baterai 4.500 mAh yang besar dan Galaxy A70 mendukung pengisian cepat 25W. Bersamaan dengan perilisan A70 di Bangkok pekan lalu, Samsung juga mengenalkan varian lainnya yang lebih mumpuni A80. Sayangnya untuk A80, Samsung masih enggan memberikan kepastian kapan perangkat tersebut akan hadir di Indonesia."
