"berita"
"Sentimen hasil pemilihan umum (pemilu) serentak 2019 berhasil direspon investor pasar saham. Efek kemenangan Jokowi membuat Indeks Harga Saham Gabungan (IHSG) berhasil menguat seharian hingga perdagangan sore ini naik 25,6 poin atau 0,39 persen ke 6.507,22.

Sementara Indeks LQ45 naik 6,18 poin atau 0,6 persen menjadi 1.030, indeks Jakarta Islamic Index (JII) naik 1,67 poin atau 0,2 persen ke 706, dan indeks IDX30 naik 3,48 poin atau 0,6 persen ke 567.

Sepanjang perdagangan hari ini, ada 206 saham menguat, 212 saham melemah, dan 124 saham stagnan. Transaksi perdagangan mencapai Rp 12,6 triliun dari 14,8 miliar lembar saham diperdagangkan.

Analis DBS Joanne Goh mengatakan, hasil perhitungan cepat atau Quick Count menunjukkan bahwa pertahanan presiden Jokowi diharapkan dapat menghilangkan overhang di pasar modal.

“Selama masa jabatan keduanya, kami mengharapkan stabilitas dan kelangsungan kebijakannya, dengan menghilangkan overhang utama bagi pasar,” ujarnya, Kamis (18/4).

Menurutnya, investor dapat mengetahui apa yang bisa diharapkan berdasarkan atas rekam jejak periode pertama Jokowi. Pembangunan infrastruktur akan berlanjut, disertai rencana lebih fokus pada pengembangan sumber daya manusia. Penekanan lain adalah pemerataan kekayaan dan pengembangan desa di luar Jawa.

Selain itu, lanjutnya, pemerintahan Jokowi juga berencana melanjutkan reformasi birokrasi dan menarik lebih banyak penanaman modal ke bidang manufaktur untuk mengurangi ketergantungan akan sumber daya alam dan mineral.

“Kami yakin bahwa pemodal akan memberikan tanggapan positif terhadap hasil Pemilu itu. Selama masa jabatannya, Indonesia berhasil menaikkan peringkatnya menjadi peringkat investasi dan berhasil melalui krisis mata uang pasar negara berkembang dalam skala kecil pada 2018 tanpa menimbulkan banyak dampak negatif pada pertumbuhan serta sistem keuangan,” tandasnya."
