"berita"
"Meningkatkan kreativitas anak dapat menggunakan berbagai cara, seperti bermain, menggambar dan mewarnai. Seperti yang dilakukan puluhan anak panti asuhan yang mengikuti perlombaan menggambar dengan menggunakan media piring.

Lia selaku ketua acara mengatakan, pada perlombaan yang digelarnya memang selalu tampil beda dan unik. ""Karena kalau menggunakan media kanvas, kertas gambar, itu sudah biasa. Kami mengajak anak-anak ini untuk berkreasi dengan berbagai media agar tidak jenuh dan mengasah keetivitasnya,"" ujar Lia di Grand Citu Mall, Minggu (29/4).

Dalam perlombaan tersebut, tidak hanya di dominasi anak-anak dari panti asuhan saja, tetapi juga dibuka untuk umum. Perlombaan ini disengaja tanpa ada pendampingan orang tua, agar anak-anak dapat mandiri saat melukis sesuai dengan kreativitasnya.

Lia menambahkan, hasil dari perlombaan melukis piring akan disumbangkan kepada anak-anak panti asuhan. Karena perlombaan ini juga merupakan kegiatan charity (amal, Red) yang dilakukan oleh panitia lomba. 

""Sebagian besar anak-anak ini dari panti asuhan, maka dari itu yang 30 persennya peserta dari umum dan membayar saat mengikuti perlombaan. Dan akan disumbangkan ke mereka,"" ujar Lia. 

Karya anak-anak tersebut dinilai oleh juri dengan beberapa poin penilaian, di antaranya keindahan, estetika, dan komposisi warna. 

Dosen Komunikasi Visual Sekolah Tinggi Teknik Surabaya (STTS) Amelia Agustina yang juga sebagai juri mengatakan, perlombaan ini sangat bermanfaat bagi perkembangan kreativitas anak. ""Karena dengan menggambar, anak bisa berimajinasi sesuai dengan mood-nya. Apalagi tanpa diawasi dan arahan orang tua, mereka bisa menggambar sesuai keinginannya,"" jelas Amelia. "
