"berita"
"Indonesia sedang melaksanakan pemilihan umum (pemilu) 2019. Banyak pengusaha dan investor menahan diri hingga pengumuman pemerintahan terpilih.

Pengamat Indef Bhima Yudhistira memandang, pemilu kali ini direspon hangat oleh pengusaha. Selama pesta demokrasi tidak menimbulkan kericuhan akan berdampak baik bagi perekonomian Indonesia.

“Kalau menurut saya angin segar yang dimaksud pemilunya berjalan dengan damai, pemilunya berjalan tanpa adanya konflik horizontal dan kekerasan juga enggak ada,” ujarnya kepada Jawapos.com, Rabu (17/4).

Bhima menjelaskan, jika dilihat sehari jelang pemilu berbagai indikator ekonomi cenderung positif, seperti nilai tukar mata uang Rupiah terhadap Dolar Amerika Serikat (AS) berada di level 14.000, begitu juga dengan pasar saham yanh ditutup positif diakhir perdagangan kemarin.

“Hampir semua Outlook positif yang penting stabilitas keamanan terjaga,” imbuhnya.

Bhima menjelaskan lebih jauh, dampak pemilu terhadap konsumsi rumah tangga dan pertumbuhan ekonomi cenderung kecil yaitu berkisar di 0,1 hingga 0,2 Persen. Salah satunya karena dorongan konsumsi barang meningkat. Kemudian sewa menyewa hotel di tempat deklarasi capres.

“Artinya jasa penyewaan tempat meningat dan itu juga positif, kemudian ada rental mobil, reklame, Jasa iklan, jasa lembaga konsultan survei dan itu besar juga,” jelasnya.

Namun hal tersebut bersifat jangka pendek. Sementara untuk jangka panjang lebih kepada kebijakan presiden terpilih nantinya, terkait dengan kemudahan disektor investasi, Infrastuktur, bagaimana stabilitas harga terjamin jangka panjang dan tentunya masalah struktural defisit transaksi berjalan.

“Itu yang akan menjadi patokan penting dalam hal reformasi struktural Kedepannya,” tandasnya.

"
