"berita"
"PT Waskita Karya (Persero) Tbk (WSKT) sebagai kontraktor telah menyelesaikan Proyek Fasilitas Penelitian & Pengembangan Sarana dan Prototipe Nitrogliserin di Subang, Jawa Barat yang hari ini diresmikan oleh Menteri Pertahanan RI Jend. TNI (Purn) Ryamizard Ryacudu.

Sebelum diresmikan, Proyek Sarana dan Prototipe Nitrogliserin Subang telah dilakukan peninjauan oleh Sekretaris Jenderal Kementerian Pertahanan RI Marsdya TNI Hadiyan Sumintaatmadja pada tanggal 5 Desember 2017.

“Pabrik ini adalah yang pertama di Asia dan akan menjadi solusi bagi kebutuhan propelan rudal dan roket di Indonesia,” ujar Direktur Operasi III PT Waskita Karya (Persero) Tbk, Bambang Rianto lewat keterangan resminya, Jumat (9/3).

Sebagai informasi, Proyek Sarana dan Prototipe Nitrogliserin di Subang, Jawa Barat diperoleh tahun 2015 dengan nilai kontrak Rp 99 miliar (di luar PPN). Pekerjaan Waskita mencakup pekerjaan sipil, pekerjaan mekanikal & elektrikal, dan pekerjaan instalasi main equipment.

Turut hadir dalam acara peresmian ini Menteri Pertahanan RI Jend. TNI (Purn) Ryamizard Ryacudu, Deputi Kabalitbang Kementerian Pertahanan RI Anne Kusmayanti, Direktur Utama PT Dahana (Persero) Budi Antono, Direktur Operasi III PT Waskita Karya (Persero) Tbk Bambang Rianto, dan Kepala Divisi II PT Waskita Karya (Persero) Tbk M. Indrayana serta Deputi Bidang Pertambangan, Industri Strategis, dan Media (PISM) Kementerian BUMN RI Fajar Harry Sampurno."
