"berita"
"Pergerakan pasar saham Indonesia awal pekan ini dibuka melemah. Indeks Harga Saham Gabungan (IHSG) pada pembukaan perdagangan pagi ini tercatat turun 56,69 poin atau 0,9 persen ke 6.468.

Sementara, indeks LQ45 turun 12,93 poin atau 1,3 persen menjadi 1.013, indeks Jakarta Islamic Index (JII) turun 7,40 poin atau 1,0 persen  ke 704, dan indeks IDX30 turun 7,07 poin atau 1,3 persen ke 557.

Adapun pergerakan pasar saham pagi ini, sektor penggerak IHSG melemah, dengan sektor keuangan memimpin pelemahan hingga 1,1 persen, disusul mining dan aneka industri masing-masing turun 0,8 persen.

Analis PT Reliance Sekuritas Indonesia Tbk, Lanjar Nafi Taulat Ibrahimsyah mengatakan, IHSG hari ini akan diwarnai aksi ambil untung, setelah sepanjang pekan kemarin berada dalam tren penguatan dan berakhir di level 6.525.

Menurutnya, laju IHSG cukup kuat berada di atas level 6.500, namun secara teknikal terlihat mulai menjenuh dengan indikator stochastic dan RSI yang berada di zona jenuh beli (overbought).

Lanjar mengatakan, kondisi overbought membuka peluang terjadinya aksi ambil untung. 

""Sehingga, kami memperkirakan IHSG bergerak terbatas yang diawarnai aksi profit taking dengan support-resistance 6.460-6.550,"" ujar Lanjar, di Jakarta, Senin (25/3).

Dia menyebutkan, pada perdagangan akhir pekan kemarin mayoritas bursa saham Asia ditutup menguat, tercermin dari kenaikan tipis Nikkei (0,09 persen), Topix (0,17 persen), Hang Seng (0,14 persen) dan Kospi (0,09 persen).

Sementara itu, IHSG ditutup menguat 0,36 persen ke level 6.525, ditopang kenaikan indeks sektor keuangan (0,99 persen) dan infrastruktur (0,51 persen). 

""Investor asing tercatat net buy Rp486,65 miliar, meski rupiah melemah 0,16 persen ke level Rp14.163 per dolar AS,"" ucap Lanjar.

Adanya pola penguatan IHSG pada perdagangan hari ini yang dibayangi aksi profit taking, Lanjar merekomendasikan delapan saham yang bisa dicermati pelaku pasar, yakni:

1. PT PP London Sumatra Indonesia Tbk (LSIP)

2. PT Salim Ivomas Pratama Tbk (SIMP)

3. PT HM Sampoerna Tbk (HMSP)

4. PT Bank Panin Tbk (PNBN)

5. PT Telkom Indonesia Tbk (TLKM)

6. PT Timah Tbk (TINS)

7. PT Matahari Department Store Tbk (LPPF)

8. PT AKR Corporindo Tbk (AKRA)"
