"berita"
"Konsumsi banyak air putih setiap hari baik untuk kesehatan. Minimal minum 7-8 gelas air akan memberi banyak manfaat bagi kesehatan. Apalagi, di pagi hari saat bangun tidur.

Air tidak hanya menghilangkan rasa haus, tetapi fakta bahwa tubuh terdiri atas 75 persen air memberi gambaran yang jelas tentang khasiat minum air yang penting bagi tubuh kita. Ada banyak manfaat minum air putih saat perut kosong, bahkan sebelum menyikat gigi.

Dilansir dari Boldsky, Rabu (28/3), minum air di pagi hari setelah bangun tidur dapat memberi keajaiban bagi tubuh. Bahkan, di Jepang, praktik ini dikaitkan dengan kesehatan dan umur panjang orang-orang di negara tersebut. Terapi air, sebagai terapi alami, sangat populer sejak zaman kuno untuk memulihkan kesehatan. Ada juga terapi serupa dalam pengobatan tradisional India.

Disarankan untuk minum air sebelum menyikat gigi sehingga tubuh tidak mengalami dehidrasi saat bangun tidur. Minum air saat perut kosong juga mampu membersihkan kuman di mulut. Cara ini juga bisa membersihkan racun dari tubuh kita dan membersihkan usus besar.

Latihan ini dapat memperkuat kekebalan tubuh dan juga meningkatkan metabolisme tubuh. Obat mujarab ini bisa menyembuhkan banyak penyakit, seperti tekanan darah tinggi, diabetes, sembelit, gastritis, batu ginjal. Bahkan, memberikan manfaat bagi kulit dan rambut.

Minum air di pagi hari juga meningkatkan energi dan vitalitas. Oleh karena itu, seseorang tetap aktif sepanjang hari dan berenergi. Yuk, minum 1-2 gelas air putih di pagi hari sebelum menyikat gigi."
