"berita"
"Adanya penemuan cacing jenis anisakis SP dalam kemasan produk ikan sarden kaleng, menjadi perhatian Pemkab Pasuruan. Selasa (3/4), petugas pengawasan makanan dan minuman menggelar inspeksi mendadak (sidak) gabungan untuk memantau peredaran makan ikan kaleng di wilayah Kabupaten Pasuruan.

Sidak gabungan itu menyisir tempat-tempat penjualan produk ikan makarel di wilayah Bangil dan Pandaan. Sasarannya, bukan hanya pasar. Tetapi juga toko-toko modern di wilayah setempat.

Dari pantauan Jawa Pos Radar Bromo, sidak tersebut diikuti oleh petugas gabungan. Bukan hanya dari Disperindag Kabupaten Pasuruan. Tetapi juga, dari petugas kepolisian, Satpol PP, Kodim, serta Bagian Perekonomian Pemkab Pasuruan.

Kasi Perdagangan Dalam Negeri Disperindag Kabupaten Pasuruan Gatot Sutanto mengatakan, survei yang dilakukan Selasa, merupakan tindak pengawasan terhadap peredaran ikan kaleng makarel yang ada di wilayah Kabupaten Pasuruan. Karena menurut BPOM, makanan sarden makarel yang ditengarai mengandung cacing, harus ditarik.

""Kami sudah memiliki daftar ikan kalengan yang perlu ditarik. Dan sekarang, kami menggelar survei ke lapangan,"" kata Gatot.

Survei itu dilakukannya di sejumlah lokasi yang ada di wilayah Kabupaten Pasuruan. Tak hanya Bangil, tetapi juga di wilayah Pandaan. Dengan sasaran, toko waralaba serta pasar-pasar.

Dari survei yang dilakukan tersebut, pihaknya tidak menemukan makanan makarel yang dimaksud. Rata-rata pihak pedagang tidak menjual.

""Kami belum menemukan ikan sarden dalam kemasan yang harus ditarik. Karena ternyata, imbauan penarikan oleh BPOM, sudah tersebar di swalayan-swalayan serta pasar di wilayah Bangil ini. Dan, imbauan itu, dijalankan oleh pedagang,"" bebernya."
