"berita"
"Terus meningkatnya jumlah kendaraan ikut mengerek kebutuhan bahan bakar. Secara global, Indonesia menduduki peringkat ketiga negara dengan jumlah kendaraan terbanyak di dunia. Kendaraan roda dua mendominasi jumlah tersebut. Memanfaatkan peluang itu, BP Downstream yang bekerja sama dengan PT AKR Corporindo Tbk membuka SPBU pertama di Indonesia.

Vice President of New Markets BP Downstream Neale Smither mengatakan bahwa tidak banyak SPBU di Indonesia yang menyediakan bahan bakar ramah roda dua. Maksudnya, sifat bahan bakar itu melindungi mesin kendaraan roda dua. “Rata-rata, teknologi bahan bakar hanya memikirkan kebutuhan mesin kendaraan roda empat,” katanya kemarin (2/5).

Menerapkan teknologi ACTIVE, BP-AKR meresmikan SPBU yang diklaim lebih ramah pada mesin motor di Surabaya kemarin.

“Potensi pasar di Indonesia sangat besar. Terlebih, kelas menengah meningkat hingga dua kali lipat,” ucap Neale. Kalangan kelas menengah itulah yang dibidik BP-AKR lewat SPBU mereka. Sebab, kelompok masyarakat itulah yang paling banyak memiliki kendaraan roda dua.

Saat ini BP-AKR mengoperasikan SPBU yang terletak di kawasan Surabaya Gubeng. Dalam waktu dekat, SPBU kedua segera beroperasi. Tapi, saat ini SPBU kedua itu masih masuk tahap pembangunan. Tahun ini BP-AKR menargetkan pengoperasian 20 hingga 25 SPBU baru di Pulau Jawa.

Presdir AKR Haryanto Adikoesoemo menyebutkan, SPBU tersebut membuka kemitraan dengan pebisnis lokal. AKR membuka kesempatan bagi pemilik tanah maupun pengusaha lokal untuk membuka SPBU. “BP-AKR sedang memperluas jaringan ritelnya melalui diler dan mitra potensial,” ujarnya."
