"berita"
"Rumor soal perangkat smartphone terbaru Redmi mencuat lagi. Kali ini, smartphone sub-brand Xiaomi itu kabarnya merupakan seri flagship yang kedapatan tampil dengan desain layar berlubang untuk penempatan kamera selfie-nya.

Sebagaimana JawaPos.com lansir dari SlashLeaks, Jumat (12/4), smartphone Redmi terbaru dengan layar berlubang nan misterius itu tampil dalam sebuah video hands-on. Seperti biasa, rekaman itu kemudian viral dan membuat rumor bergulir semakin panas di platform Weibo.

Seperti tampak pada gambar, smartphone Redmi ini memiliki lubang di bagian tengah atas. Sekilas lubang yang oleh Samsung disebut sebagai Infinity-O itu justru masih terlihat bak notch atau takik bergaya tetesan air atau waterdrop notch.

Jika benar itu adalah perangkat terbaru Redmi dari Xiaomi yang katanya flagship, maka perangkat itu bakal meramaikan lini smartphone dengan layar berlubang. Pasalnya, sebelumnya sudah ada Samsung dengan A8S, Honor View 20, dan tentunya terbaru hadir di perangkat trio Samsung Galaxy S10 Series.



Kembali ke bocoran video smartphone terbaru Redmi, penempatan lubang yang menurut banyak pihak memang agak aneh itu nyatanya memang lebih efisien daripada waterdrop notch. Jelas, layar tampak semakin penuh dan penempatan lubang membuatnya tampak tak berpengaruh.

Selain lubangnya yang dibuat di tengah dan menjadi sorotan, smartphone Redmi ini juga memiliki bezel kecil di sisi kiri dan kanan layar. Sementara bezel atas dan bawah sedikit lebih tebal. Hal tersebut lagi-lagi dinilai tampak sia-sia, padahal Redmi mungkin saja bisa membuat bezelnya lebih tipis lagi.

Pindah ke belakang, handset tampaknya memiliki pengaturan tiga kamera yang diposisikan secara vertikal, juga disertai lampu kilat LED dan pemindai sidik jari. Bagian belakang smartphone tampaknya memiliki lapisan mengkilap, tetapi tidak jelas apakah itu kaca atau bodi plastik.

Seperti sudah kami beritakan sebelumnya, rumor soal smartphone flagship Redmi terus bergulir. Perangkat yang bersangkutan dikabarkan bakal melenggang dengan jeroan prosesor Qualcomm Snapdragon 855 terbaru. Namun hingga saat ini, spesifikasi rinci dari perangkat tersebut masih misterius."
