"berita"
"Jajaran Polres Boyolali berhasil menghentikan aksi sekelompok pendekar silat yang akan bentok dengan kelompok lain di perbatasan Kecamatan Teras dan Banyudono, Selasa dini hari (3/4). Bentrokan dipicu gesekan salah seorang oknum pendekar silat dengan oknum kelompok lain. Merembet jadi besar setelah ada upaya provokasi lewat berita hoax oleh orang-orang tak bertanggung jawab.

Hal ini dibenarkan Kapolres Boyolali, AKBP Aries Andhi melalui Kasubbag Humas, AKP Eddy Purnama Lillah. Eddy menjelaskan, kelompok pendekar silat tersebut nyaris terlibat bentrok. Namun berhasil dicegah jajaran Polres Boyolali.

""Alhamdulillah bisa ditangani dengan baik oleh Polres Boyolali. Dipimpin langsung Kapolres (AKBP Aries Andhi), sehingga tak terjadi bentrokan. Massa lalu membubarkan diri dengan tertib,"" ujar Eddy saat dikonfirmasi Jawa Pos Radar Solo."
