"berita"
"Dunia pendidikan di Kabupaten Tebo tercoreng oleh ulah oknum guru berinisial SP di salah satu Sekolah Dasar Negeri di Rimbo Bujang. Kasus ini sudah dilaporkan ke pihak kepolisian. Terkait hal ini, membuat wali murid cemas. Pasalnya, oknum guru tersebut hingga kini masih melakukan aktivitas belajar mengajar seperti biasa.

Jay, orangtua korban saat dikonfirmasi menuturkan, terungkapnya dugaan kasus pencabulan yang dialami putri cantiknya tersebut bermula setiap buang air kecil putrinya selalu mengalami kesakitan dan menangis.

""Saya heran, setiap anak Saya buang air kecil kok selalu kesakitan dan menangis,"" ujar Jay seperti dikutip Jambi Ekspres (Jawa Pos Group), Rabu (4/4).

Awalnya, kata Jay, putrinya tidak mau mengatakan apa sebenarnya yang terjadi. Namun setelah dibujuk, dengan nada polos mengakui jika oknum guru di sekolahnya memasukan jari ke kemaluannya saat berada di ruang kelas.

""Dengan susah payah merayu agar menceritakan apa sesungguhnya terjadi akhirnya anak Saya mengaku jika salah satu gurunya di sekolah memasukan jari tangannya kekemaluannya,"" ungkapnya.

Jay juga mengatakan, jika pihaknya telah melaporkan kasus dugaan pencabulan yang dialami oleh putrinya oleh oknum guru ke Polsek Rimbo Bujang dan ke Polres Tebo beberapa waktu yang lalu.

""Saya sudah membuat laporan ke Polsek Rimbo Bujang namun oleh Pihak Polsek diminta langsung ke Polres Tebo, dan visum juga sudah dilakukan,"" terangnya.

Kasat Reskrim Polres Tebo, AKP Hendra Wijaya saat dikonfirmasi awak media mengatakan, jika kasus dugaan pencabulan terhadap dua siswi Sekolah Dasar di Rimbo Bujang ditangani oleh Polsek Rimbo Bujang, Polres hanya melakukan backup.

""Langsung saja konfirmasi ke Polsek Rimbo Bujang, kami dari Polres hanya memback up saja,"" kata Kasat."
