"berita"
"Persebaya Surabaya tampaknya bakal mengarungi Liga 1 dengan hanya satu striker murni saja. Sebab, manajemen Green Force – julukan Persebaya, mengisyaratkan tak akan mendatangkan pemain baru di posisi striker.

Padahal, saat ini mereka hanya memiliki Amido Balde di posisi ujung tombak. Bandingkan dengan musim lalu. Green Force memiliki tiga striker murni. Mereka adalah David da Silva, Ricky Kayame, dan Rishadi Fauzi. Meski begitu, kemungkinan menambah striker lagi tampaknya tak akan terjadi.

Manajer Persebaya, Candra Wahyudi punya pertimbangan soal itu. Dia menilai sejauh ini skema pelatih mampu melahirkan striker baru selain Balde. “Kalau lihat yang sudah dilakukan (pelatih), ada opsi (Manuchekhr) Dzhalilov dan Osvaldo (Haay),” kata Candra.

Memang, pada laga resmi bersama Green Force, Dzhalilov tak pernah bermain sebagai ujung tombak. Dia selalu tampil sebagai winger. Meski begitu, pemain asal Tajikistan itu cukup tajam. Terbukti dia mampu menjadi top skorer Piala Presiden 2019 dengan torehan 5 gol. Sementara Osvaldo sudah pernah tampil sebagai striker pada musim lalu. Dia didapuk sebagai ujung tombak saat David da Silva absen. “Tim pelatih sudah punya opsi harus seperti apa. Nggak harus cari pemain,” tambah pengganti Chairul Basalamah itu.

Terlebih, pemain Green Force di posisi winger cukup melimpah. Jadi, tak akan sulit mencari pengganti jika Dzhalilov atau Osvaldo didapuk sebagai striker. Di posisi winger, masih ada Oktafianus Fernando, Irfan Jaya, Alwi Slamat hingga Elisa Basna. Mereka bisa menggantikan peran Osvaldo atau Dzhalilov andai dipasang sebagai striker.

Performa Balde sebagai goal getter juga cukup lumayan. Total dia sudah mengemas 14 gol bersama Green Force. Rinciannya, 10 di ajang Piala Indonesia. Sementara empat lainnya dicetak di ajang Piala Presiden 2019. Tak heran pelatih Persebaya Djadjang Nurdjaman tetap akan mempertahankan Balde musim ini.

Di sisi lain, Persebaya melakoni uji coba kontra tim Liga 3 Putra Tresna di Gelora Samudra, Kabupaten Badung, Kamis (2/5). Dalam laga yang dimenangi Persebaya dengan skor 8-0 itu, Balde tak mendapat banyak menit bermain.

“Ya, karena kami kan ingin memberi kesempatan kepada semua pemain untuk tampil. Gantian. Nggak mungkin semua bisa tampil 90 menit,” kata pelatih yang akrab disapa Djanur itu.

Meski menang telak, Djanur masih merasa belum puas. Sebab, dia menilai anak asuhnya masih kaku dalam menerapkan skema baru. Djanur memang tak hanya menggunakan skema 4-3-3. selama training centre di Bali, pelatih asal Majalengka itu juga menerapkan skema 3-4-3. “Kami coba formasi yang kami latih selama di sini (Bali). Tapi masih banyak kekurangan. Cuma saya nggak bisa sebutkan apa kekurangan itu,” terang mantan pelatih Persib Bandung itu.

Meski begitu, Djanur menilai mental anak asuhnya sudah cukup bagus. Apalagi setelah melakukan outbound di Ubud, Selasa (30/4) lalu. Menurutnya, apa yang dia inginkan sudah terealisasi. “Kebersamaan anak-anak dapat. Selain itu, taktikal juga dapat. Ternyata Bali cukup menyenangkan untuk TC,” pungkas Djanur."
