"berita"
"Asian Games 2018 tinggal hitungan bulan. Jelang dibuka, INASGOC selaku panitia penyelenggara terus melalukan berbagai kegiatan agar pesta olahraga terakbar se-Asia itu kian meriah ketika diadakan di Indoesia khususnya Jakarta dan Palembang.

Memanfaatkan momentum dan animo masyarakat akan perhelatan Asian Games, INASGOC meluncurkan toko resmi merchandise di bilangan Senayan City, Jakarta, Jumat (23/3). Di sini masyarakat bisa mendapatkan pernak-pernik berbau Asian Games seperti misalnya boneka, tas, hingga alat tulis.

""Ini merupakan momen yang tepat di saat awareness masyarakat kita dan internasional tengah tinggi. Lima bulan lagi menjelang games times,"" ujar Ketua INASGOC, Erick Thohir.

""Merchandise yang disajikan terdiri dari 200 kategori, seperti tas, pernak-pernik souvenir, dan stationery (alat tulis),"" tambahnya.

Selain merchandise, INASGOC juga melakukan kerja sama dengan Bank Indonesia untuk memproduksi commemoratove coins. INASGOC juga menggandeng PT POS Indonesia untuk membuat perangko khusus edisi Asian Games 2018.

""Penerbitan koin dan perangko dalam upaya untuk meninggalkan legacy (warisan) bagi kita semua karena Indonesia sudah dua kali menggelar Asian Games,""

Berbagai macam merchandise ini dibuat dengan melibatkan sekitar 20 perusahaan lokal, UMKM, dan juga perusahaan luar. Harga jualnya cukup terjangkau, mulai dari Rp 3.500 sampai Rp 5 juta."
