"berita"
"Trade Mall (TM) Seasons City tercatat menjadi mall yang menyelenggarakan atraksi Tatung dalam perayaan Cap Go Meh. Rencananya, acara ini akan dilaksanakan pada Minggu (4/3).

Selain Tatung, perayaan Cap Go Meh ini juga akan diramaikan atraksi pawai To Khiau Sinshe, Barongsai, Tanjidor, Ondel-Ondel Betawi, Bhakti Sosial Pengobatan Gratis oleh Dokter & Sinshe, hingga upacara Spiritual & lelang barang-barang eks sembayang.

General Manager TM Seasons City, Mualim Wijoyo mengatakan, untuk acara pawai, start akan dilakukan dari Vihara Berbudi pasar buah Angke melalui Jl.Laksa - Jl.Sawah Lio -Jl.KHM.Mansyur -Jl.Krendang Raya - Jl.Garuda - Jl.KHM.Mansyur - Jl.TSS Raya - Pos Duri - Jl.Jembatan Besi Raya, dan berpusat di Food Garden TM Seasons City.

""Acara ini diselenggarakan untuk melestarikan salah satu kebudayaan Indonesia. Dan ini merupakan tahun ke-4 TM Seasons City menyelenggarakan Cap Go Meh dengan menyajikan atraksi Tatung,"" katanya dikutip dari keterangan di Jakarta, Jumat (2/3).

Dalam acara ini, katanya, akan ada sekitar 100 Sinshe Tatung pria dan wanita yang akan melakukan atraksi ekstrem. Seperti debus di Banten, Tatung adalah orang yang dirasuki roh, dewa, leluhur, atau kekuatan supranatural. Di mana seorang Tatung yang sedang kemasukan roh akan melakukan atraksi seperti berdiri diatas tombak dan atraksi ekstrem lainnya.

""Yang menarik, dalam perayaan Cap Go Meh ini, Seasons City juga mengombinasikan Tatung dan Barongsai dengan kebudayaan Betawi yakni dengan menghadirkan atraksi Ondel-ondel dan Tanjidor.""

Selain itu, masih ada acara lelang barang-barang eks sembahyang. Di mana peminat acara lelang ini biasanya akan sangat banyak. Mereka mempercayai, barang-barang eks sembahyang pada pelaksanaan Cap Go Meh memiliki banyak khasiat. Mulai dari peruntungan, tolak balak, mampu memberikan kebahagiaan, dan lain sebagainya.

Mualim memperkirakan perayaan Cap Go Meh ini akan disaksikan oleh lebih dari 140.000 orang. Itu baru yang ada di mall Seasons City, belum termasuk penonton yang menyaksikan di rute-rute pawai.

""Rata-rata setiap hari kawasan Seasons City ini dikunjungi oleh sekitar 40.000 orang. Dan ketika ada event, yang datang bisa bertambah menjadi sekitar 140.000 orang. Cap Go Meh tahun ini kemungkinan angkanya bisa lebih dari itu,"" tutup Mualim."
