"berita"
"PT Waskita Karya Tbk (WSKT) sebagai kontraktor telah menyelesaikan proyek Jalan Tol Ngawi–Kertosono Paket 1 dengan ruas Ngawi, Magetan, dan Madiun sepanjang 20 kilometer dari total keseluruhan jalan tol sepanjang 87 kilometer. Jalan tol Trans Jawa yang merupakan proyek strategis nasional ini diresmikan Presiden RI Joko Widodo di Madiun, Jawa Timur.

Beroperasinya jalan tol yang merupakan bagian dari jaringan jalan tol Trans Jawa ini diharapkan menumbuhkan dan mempercepat laju roda perekonomian, sekaligus menghubungkan Provinsi Jawa Tengah dan Jawa Timur.

""Pembangunan tol ini akan berdampak positif terhadap peningkatan mobilitas masyarakat dan mempercepat arus logistik antara Jawa Tengah dan Jawa Timur,"" ujar Direktur Operasi II PT Waskita Karya (Persero) Tbk, Nyoman Wirya Adnyana dalam siaran persnya kepada Jawapos.com, Kamis (29/3).

Sebagai informasi, proyek Jalan Tol Ngawi–Kertosono Paket 1 (ruas Ngawi–Magetan–Madiun) diperoleh Waskita pada 2015 dengan nilai kontrak sebesar Rp 1,54 triliun. Jalan Tol Ngawi–Kertosono adalah jalan tol sepanjang 87,02 kilometer yang memiliki empat gerbang tol (GT). Yakni Gerbang Tol (GT) Ngawi, GT Madiun di Dumpil Balerejo, GT Mejayan di Caruban, dan GT Wilangan di perbatasan Kabupaten Madiun-Nganjuk, Desa Pajaran Kecamatan Saradan.

Turut hadir dalam acara peresmian ini Menteri PUPR Basuki Hadimuljono, Menteri Keuangan Sri Mulyani Indrawati, Gubernur Jawa Timur Soekarwo, Direktur Utama PT Jasa Marga (Persero) Tbk Desi Arryani, Direktur Operasi II PT Waskita Karya (Persero) Tbk Nyoman Wirya Adnyana, dan Direktur Utama PT Ngawi Kertosono Jaya Iwan Moedyarno."
