"berita"
"Pasangan Jokowi-Ma’ruf unggul dari pesaingnya Prabowo-Sandi di TPS 62 tempat Megawati nyoblos. Namun, selisihnya tidak telak alias tipis.

Ketua Kelompok Penyelenggara Pemungutan Suara (KPPS) TPS 62, Murniati mengatakan, berdasarkan hasil perhitungan Jokowi-Ma’ruf Amin mendapatkan suara 129, dan Prabowo Subianto-Sandiaga Uno mendapatkan 118 suara.

“Unggul di TPS 62 yaitu pasangan Jokowi-Ma’ruf Amin,” ujar Murniati di Jalan Kebagusan, Jakarta, Rabu (17/4).

Sementara surat suara dinyatakan sah semuanya. Karena Tak ada satupun suara yang dinyatakan tidak sah. “Suara tidak sah berjumlah ‎nol,” katanya."
