"berita"
"PT Mitsubishi Motors Krama Yudha Sales Indonesia bersama main dealer PT Sun Star Motor Bali menggelar malam apresiasi dan test drive Mitsubishi Xpander, Rabu (28/3) malam lalu.

Malam apresiasi ini digelar bagi seluruh konsumen Mitsubishi Xpander di Bali, dan turut hadir Area Koordinator Jawa timur, Bali, dan NTB Rizky Ardiansyah Putra. Nur Exsan, Branch Manager PT Sun star Motor Bali mengatakan,

di Bali ada tiga cabang Sun Star Motor, yakni di Jl. Gatot Subroto Barat No. 100, Denpasar, Jl. Raya Denpasar-Gilimanuk Km. 4.3 Ds. Banyubiru, Negara, dan di Jl. Jendral A. Yani No. 178, Singaraja.

Dan penjualan di Bali diakui fantastis dengan jumlah pembelian mencapai ratusan unit, sehingga berdampak pada masa tunggu yang cukup lama. 

“Banyak konsumen yang antusias dengan kedatangan Xpander. Untuk tipe tertentu indent 2-3 bulan dan pemberian unit ke Bali bertahap dalam sebulan tiga kali gelombang. Kemungkinan sampai awal bulan April,” jelas Nur Exsan.

Mitsubishi Xpander sendiri merupakan mobil yang telah menyabet gelar Car of The Year 2018 dengan penobatan sebagai Best Low MPV dan Best of The Best MPV dengan pemesanan mencapai 60.000 unit per Februari 2018. 

“Permintaan Mitsubishi Xpander begitu banyak. Dari tiga cabang di Bali permintaan paling besar di Denpasar sebesar 65 persen, dan banyak benefit yang diterima dari pembeliam Xpander, yakni free service 50.000 KM atau 3 tahun untuk oli dan sparepart,” jelas Nur.

 Untuk pembelian secara kredit, konsumen juga berhak mendapatkan kesempatan untuk memenangkan satu buah sepeda motor, khusus bagi setiap kelipatan 30 pembelian kredit Mitsubhisi Xpander yang akan dilakukan secara undi."
