"berita"
"Sejumlah kelompok pendukung Calon Presiden Joko Widodo dan Prabowo Subianto di kawasan Kapuk Muara, Jakarta Utara, menggelar acara “Ikrar Bersama Rakyat”. Mereka kompak menyuarakan persatuan bangsa.

Dalam acara yang difasilitasi oleh Masyarakat Pemerhati Pangan (MAPPAN) Indonesia itu, para relawan kompak menyatakan, akan menghormati keputusan Komisi Pemilihan Umum (KPU) sebagai bagian dari proses demokrasi yang harus dihargai dan ditaati.

Acara sekaligus syukuran atas pelaksanaan Pemilu yang damai itu digelar Kamis malam (2/4) itu. Mereka membacakan ikrar bersama dengan gegap gempita. Tampak keakraban terbangun. Pendukung Jokowi dan Prabowo saling bertukar canda.

Keduanya tampak bersalaman akrab. Nyaris tak tampak ketegangan perbedaan politik seperti yang terlihat dalam perdebatan-perdebatan yang panas di dunia maya.

“Kami warga Jakarta Utara, khususnya Kapuk Muara, baik para pendukung Jokowi-KH Maruf Amin dan pendukung Prabowo Subianto-Sandiaga Uno sepakat untuk tetap damai, bersatu kembali, membangun kampung kita, membangun negeri Indonesia tercinta. Karena cinta kami kepada Indonesia melampaui sekat-sekat perbedaan pilihan politik,” ujar Tan Tjiong Eng sebagai perwakilan pendukung nomor urut 01.

“Bahwa kami akan menghormati keputusan KPU siapapun yang ditetapkan sebagai pemenang. Sekaligus juga mengapresiasi KPU yang telah menyelenggarakan pemilu ini dengan aman, damai, dan lancar,” imbuh Tan Tjiong Eng.

Tak lupa, para pendukung Jokowi dan Prabowo juga turut berbelasungkawa kepada petugas KPPS yang wafat dalam tugas.

“Buat kami mereka adalah pejuang demokrasi. Dalam pengorbanan luar biasa tersebut, sungguh tak elok jika kita malah saling curiga, bahkan memfitnah para petugas KPPS,” kata pendukung nomor urut 02, Carmat.

Ikrar bersama itu juga menyebutkan bahwa selama masa pilpres, para pendukung kedua kandidat menghormati pilihan masing masing. Karena perbedaan pilihan itu biasa.

“Oleh karenanya kami mengimbau, siapa pun yang akan memimpin negeri ini, mari kembali bersatu, membangun kampung kita, membangun negeri,” ujarnya.

“Kita berharap, dari acara malam ini di Jakarta Utara bisa menginspirasi ke berbagai daerah lain. Kita ingin ini menjadi energi positif yang mendonorkan semangat persatuan untuk memajukan Indonesia, mengadilmakmurkan negeri tercinta,” lanjut Tan Tjiong Eng.

Dia menambahkan, acara ikrar bersama ini juga dalam rangka menyambut bulan suci Ramadan. Sekaligus menjadi ajang bermaaf-maafan, dan memperkuat tali silaturahim.

“Mari kita sudahi rivalitas politik, sambut negeri penuh kemajuan,” pungkasnya.

Suasana pembacaan ikrar dan syukuran itu semakin akrab dengan potong tumpeng yang kemudian dibagi-bagikan kepada kedua pendukung dan masyarakat sekitar. Di sela acara, pendukung 01 dan 02 berdoa untuk petugas KPPS yang meninggal dunia."
