"berita"
"Mobile Premier League mengumumkan ketersediaan platform e-sports MPL versi Indonesia. Platform asal India itu menawarkan berbagai game arcade yang mengadu ketangkasan serta sarat nilai kompetisi. Munculnya MPL ini tentu semakin meramaikan industri e-sports di Indonesia yang masih didominasi game dengan genre RPG, FPS, Battle Royale, atau Multiplayer pada lainnya.

CEO Mobile Premier League Indonesia Joe Wadakethalakal mengungkapkan, MPL merevolusi konsep arcade tradisional yang terpaku pada tempat serta mesin arcade, dan mengemasnya menjadi platform yang mudah diakses pengguna lewat smartphone. “MPL hadir sebagai platform turnamen e-sports untuk mencetak juara-juara baru dengan ketangkasan terbaiknya di berbagai kompetisi yang kami adakan setiap hari,” katanya dalam keterangan tertulis kepada JawaPos.com.

Dia mengakui bahwa pasar industri e-sports di tanah air sangat menarik. Mengutip riset Newzoo di 2018, Indonesia berada di peringkat 17 dunia sebagai pasar game terbesar dengan proyeksi pendapatan sebesar USD 1.084 miliar. “Genre arcade yang dihadirkan MPL berpotensi menjangkau masyarakat secara lebih luas, dan kami bisa menjadi pionir platform arcade yang dapat memaksimalkan industri e-sports dalam negeri. Mulai dari penambahan kompetisi hingga penciptaan lapangan kerja berbasis ekonomi kreatif,” tambah Joe.

MPL akan bekerja sama dengan para pengembang game lokal untuk menambah lebih banyak game ke dalam platform-nya. Di India sendiri hingga kini, MPL dikatakan telah diunduh 25 juta kali. Pengguna di Indonesia juga sudah bisa mengunduh MPL lewat situs resminya, id.mpl.live.


MPL menerapkan inovasi digital pada game arcade yang selalu populer dan digemari dari masa ke masa. Untuk peluncuran perdana versi Indonesia, platform MPL mengusung lima judul game yang bisa segera dimainkan, yaitu Fruit Chop, Go-Ride, Runner no.1, Monster Truck, dan Fruit Dart.

Game yang tersedia memiliki konsep serupa dengan game arcade pada umumnya, sehingga pemain baru akan merasa familiar dan mudah memahaminya. MPL masih akan menambahkan lebih banyak game di kemudian hari.

“E-sports masih terlalu luas untuk dirangkum dalam kompetisi game yang ada sekarang, dan MPL percaya bahwa arcade adalah bahasa yang lebih universal untuk menyatukan gamers Indonesia,” ujar Ridzki Syahputera, Head of Growth Indonesia, Mobile Premier League.

MPL juga akan mengadakan turnamen untuk setiap judul game, sehingga para pemain punya kesempatan untuk menjadi juara setiap hari. Juaranya adalah pemain dengan skor tertinggi dalam turnamen dan berhak mendapat sejumlah Berlian (alat tukar dalam game) sebagai hadiahnya.

Berlian ini juga digunakan untuk berpartisipasi dalam setiap turnamen. Pemain yang telah mengikuti turnamen dapat memainkan semua game sepuasnya, sementara skor tertinggi selama turnamen akan menjadi penentu peringkat mereka dalam leaderboard.

Berlian MPL bisa didapatkan tanpa harus melakukan pembelian dalam game. Masing-masing pengguna mempunyai referral code unik untuk mengundang temannya menjadi user baru MPL. Setelah proses pendaftaran selesai, si pengundang akan mendapatkan sejumlah Berlian dan Token. MPL juga menyediakan turnamen yang bisa diikuti dengan menukar Token.

Tidak hanya itu, MPL memperkaya pengalaman pengguna dengan mengintegrasikan fitur Go-Pay dalam platform-nya. Berlian yang diperoleh dari permainan dalam platform MPL bisa diubah menjadi saldo Go-Pay. Satu Berlian setara dengan seratus rupiah dalam Go-Pay."
