"berita"
"Sejumlah tokoh Islam Indonesia menggelar Multaqo Alim Ulama di Ball Room Hotel Kartika Chandra, Jakarta Selatan, Jumat, (3/5). Tujuannya untuk mengajak umat agar tetap menjaga stabilitas keamanan dan menghindari aksi-aksi inskontitusional pasca-pemilu 2019.

“Stabilitas keamanan sangat erat hubungannya dengan keimanan. Karena ketika keimanan lenyap, keamanan akan tergoncang. Sudah menjadi kewajiban umat Islam untuk ikut aktif dan proaktif menjaga keamanan negara,” ujar Jubir Multaqo, Ustad Najih Arromadloni‎.

Ustad Najih juga mengatakan, para ulama, habaib, dan cendekiawan muslim wajib hukumnya untuk tetap menjadi garda terdepan dalam membangun baldatun tayyibatun wa rabun ghafur. Ini semua demi menjaga stabilitas negara.

“Jadi jika ini dikaitkan dengan permasalahan pemilu, maka ulil amrinya adalah KPU, Bawaslu, dan Mahkamah Konstitusi (MK). Karena itu seluruh umat Islam wajib taat kepada keputusan tiga lembaga itu,” ujar Ustad Najih.

Pasalnya, menurut Ustad Najih, ketiganya adalah lembaga negara yang diberi wewenang berdasarkan UU untuk menyelenggrakan pemilu dan mengumumkan hasilnya.

“Karena sebaiknya umat Islam menghindari tindakan yang mengarah kepada pemberontakan,” tuturnya.

Selain mengimbau umat Islam untuk sama-sama menjaga stabilitas keamanan, ustad Najih juga berharap masyarakat bisa selalu mengedepankan persamaan sebagai umat manusia yang saling bersaudara satu sama lain, daripada menonjolkan perbedaan yang bersifat kontra produktif. 

“Sehingga, kita selama dan sesudah Ramadan akan mampu menjalankan ibadah dengan kualitas yang lebih baik, disertai keberkahan dari ‎Allah SWT,” tuturnya.

Diketahui, adapun Multaqo ini diinisiasi dan dihadiri oleh ulama sepuh Maimun Zubair dan Habib Lutfi bin Yahya yang dihadiri 1.500 orang peserta dari para ulama sepuh, berbagai ormas, para habaib, para cendekiawan muslim."
