"berita"
"Dalam hitungan hari Ramadan 1440 H akan tiba. Selama bulan suci itu umat muslim selain menjalani ibadah saum, juga memanfaatkannya untuk melakukan amalan-amalan yang mendekatkan diri ke surga.

Untuk mempersiapkan diri untuk itu, Ustad Bobby Herwibowo mengajak seluruh umat muslim di Indonesia untuk segera melakukan persiapan. Pada bulan suci itu banyak amalan yang bisa dilakukan. Amalan itu amatlah ringkas, mudah, singkat, cepat, dan semua terangkum dalam sebuah komunitas “Masuk Surga Secepat Ini”. Komunitas itu dibimbing langsung oleh Ustad Bobby.

“Saya ingin mengajak semua untuk melakukan amalan-amalan kebaikan yang berbuah surga. Amalan yang amat ringkas, mudah, singkat, juga cepat,” ungkap Bobby, Jumat (3/5).

Komunitas “Masuk Surga Secepat Ini” hadir dengan memanfaatkan media sosial sebagai medium. Media utamanya aplikasi pesan daring Whatsapp. Lewat Whatsapp, nantinya para peserta akan mendapat bimbingan berupa video, artikel, dan buku elektronik (e-book) yang dikirim selama bulan Ramadan berlangsung.


Komunitas Masuk Surga Secepat Ini dipandu oleh Ustad Bobby. (ACT for JawaPos.com)
“Selama tiga puluh hari penuh ketika Ramadan, umat muslim yang tergabung dalam komunitas ini akan mendapat video inspirasi yang menjelaskan tentang amalan hebat. Lalu, ada juga 3 sampai 5 artikel per hari yang akan mengingatkan kita semua untuk terus menunaikan ibadah Ramadan, baik yang wajib maupun sunnah untuk menyempurnakan,” jelas dia.

Untuk melengkapinya, Ustad Bobby bersama tim juga akan mengirimkan dua e-book kepada para peserta. Yaitu, Jadi Juara di Bulan Ramadan Bersama Alquran dan 8 Cara Membuat Keluarga Anda Ketagihan Menghafal Al-Quran.

“Saya pun telah meluncurkan sebuah buku baru, judulnya sama dengan komunitas bimbingan yang saya buat, Masuk Surga Secepat Ini,” ungkap Bobby.

Dengan begitu, Ustad Bobby Herwibowo membuka kesempatan bagi seluruh umat muslim yang ingin bergabung ke dalam komunitasnya. Hanya dengan berdonasi sebesar Rp 100.000. Para peserta akan mendapat tips dan trik masuk surga dengan melakukan amalan terbaik sesuai Alquran dan Hadis, terutama selama bulan Ramadan.

“Mari bergabung dengan jutaan pencinta amalan, insyaallah apabila kita mengamalkan seluruhnya. Bulan Ramadan akan penuh dengan makna. Tujuan akhirnya dimasukkan ke dalam surga-Nya,” tambahnya.

“Insya Allah, hasil donasi yang terkumpul, 50 persen akan kami serahkan kepada Aksi Cepat Tanggap (ACT) untuk dikonversikan menjadi program-program bantuan yang akan berjalan selama bulan Ramadan,” pungkas dia."
