"berita"
"Puisi yang dilontarkan Sukmawati Soekarnoputri terus menuai reaksi publik. Adik dari mantan presiden ke-5 Indonesia, Megawati Soekarnoputri itu dinilai telah melecehkan agama Islam dengan menyinggung cadar dan azan.

Menanggapi hal itu, Wakil Ketua Dewan Pembina Partai Demokrat Agus Hermanto mengatakan, pihaknya menyayangkan puisi yang dilontarkan oleh Sukmawati yang dinilainya telah menyinggung masalah SARA.

Apalagi, dirinya mengenal anak Bung Karno ini budayawan senior yang hebat.

“Kita ketahui banyak polemik dan menurut kami ini sebenarnya tidak pas karena sekarang ini tahun-tahun politik. Ini kan menjadi hal yang ramai. Sehingga menurut kami seharusnya hal seperti itu tidak harus dilakukan,” kata Agus di Gedung DPR RI, Jakarta, Rabu (4/4).

Meski demikian, Agus menuturkan, sebagai budayawan, dirinya pun meyakini Sukmawati akan mengambil langkah yang bijaksana ke depan setelah polemik ini bergulir, yaitu meminta maaf.

“Itu (minta maaf) kita kembalikan kepada beliau, karena beliau kan cukup senior sebagai budayawan. Saya rasa beliau juga paling tahu untuk bagaimana mengatasi ini,” ungkapnya.

Terkait banyaknya laporan ke penegak hukum atas puisi itu, Agus meminta proses hukum berjalan sesuai dengan aturan perundang-undangan dan mekanisme yang berlaku. Semuanya harus dilakukan oleh pihak yang berwajib.

“Kita serahkan sepenuhnya kepada aparat penegak hukum, karena semuanya harus ditangani oleh yang berkepentingan dan berkewajiban,” pungkasnya."
