"berita"
"Penangkapan 2,932 ton sabu dari 57 kasus narkoba di awal 2018 ini memang menimbulkan kekhawatiran. Banyak pihak memberikan perhatian khusus terhadap wilayah Kepulauan Riau (Kepri).

Bahkan, tim dari Mabes TNI datang berkunjung langsung ke Kepri untuk menggali informasi terkait peredaran narkoba di wilayah ini. Tim tersebut berkunjung ke kantor Badan Narkotika Nasional Provinsi (BNNP) Kepri, pada Kamis (1/3).

Tim Mabes Polri yang dipimpin oleh PA Staff Ahli TK-III Bidang Sosial Budaya, Hukum, HAM dan Narkoba Mayor Jenderal TNI Tiopan Aritonang mengatakan, kunjungannya ke Kepri, Khususnya Batam sebagai perwujudan dari instruksi Panglima TNI Marsekal Hadi Tjahjanto untuk meningkatkan pengamanan seluruh wilayah NKRI.

Tiopan menjelaskan, beberapa wilayah perbatasan di Indonesia khususnya Kepri menjadi prioritas pengamanan TNI. Peningkatan pengamam seperti patroli sudah dilakukan.

""Pengamanan itu sudah kita pikirkan. Buktinya kita lakukan penangkapan sabu satu ton lebih oleh KRI Sugurot,"" kata Tiopan.

Kunjungan ini juga lanjut Tiopan, adalah upaya koordinasi pihak keamanan yang ada di Kepri. Baik TNI, Polisi, dan masyarakat secara umum. Tujuannya untuk memperkuat pertahanan Kepri terhadap bahaya narkoba yang semakin menakutkan. ""Kita libatkan semua untuk menghadapi narkoba. Bahkan masyarakat harus bekerja sama memberikan informasi,"" lanjutnya.

Dalam kunjungan ini, Tim Mabes TNI juga mengunjungi beberapa kawasan yang memiliki kaitan dengan penanggulangan narkoba di Kepri. Salah satunya peninjauan di Gedung Rehabilitasi BNNP Kepri. Tim Mabes TNI bersama Kepala BNNP Kepri mengunjungi salah satu fasilitas rehabilitasi (Rumah program premary growth), dan berkesempatan berbaur dengan penghuni rehabilitasi.

Dalam kesempatan tersebut, Tiopan juga mengingatkan agar masyarakat tidak tergoda oleh narkoba. Memahami betul bahaya yang bisa ditimbulkan terhadap masa depan masyarakat. Sebaliknya upaya perang terhadap narkoba itu sendiri harus ada dalam setiap lapisan masyarakat. ""Jangan sekali-sekali terlibat dengan narkoba,"" tutupnya."
