"berita"
"Jonatan Christie mengaku akan melakukan apapun demi bisa mentas pada Olimpiade Tokyo 2020. Jojo akan berjuang mengumpulkan poin dan memperbaiki peringkat demi memenuhi syarat tembus kualifikasi Olimpiade.

Jojo mengawali perburuan poin Olimpiade dengan baik. Mentas di babak perempat final Selandia Baru Terbuka 2019, Jojo mengandaskan wakil Tiongkok Sun Feixiang dalam dua gim langsung 21-11 dan 21-9, Jumat (3/5).

Kemenangan ini membuat Jojo makin bersemangat berjuang demi melenggang ke Tokyo tahun depan. “Ini pertama kalinya saya bertanding untuk pengumpulan poin menuju Olimpiade. Saya harus mempertahankan peringkat saya,” ujar Jojo dikutip Scoop.

Untuk diketahui, Indonesia saat ini memiliki tiga wakil tunggal putra yang dijagokan bisa lolos kualifikasi Olimpiade Tokyo 2020. Selain Jojo, dua nama lainnya adalah Anthony Sinisuka Ginting dan Tommy Sugiarto.

Berdasarkan aturan Olimpiade, khusus untuk sektor tunggal, satu negara berhak mengirimkan dua wakilnya yang berada di jajaran ranking 16 besar dunia. Jojo, yang saat ini duduk di peringkat 8 dunia, tentu harus bisa tampil dengan baik agar rankingnya tidak merosot.

“Tak mudah mempertahankan peringkat delapan. Tapi saya akan berusaha lebih baik lagi,” tutup dia.

Berbeda nasib dengan Jojo, Ginting justru apes di Selandia Baru Terbuka 2019. Ia tumbang di tangan pemain Tiongkok lainnya, Lin Dan di babak perempat final dengan skor 23-25, 21-6, dan 12-21."
