"berita"
"Hari ini, Rabu (17/4) seluruh masyarakat Indonesia menjalani hajat memilih calon pemimpin lewat pemilu presiden dan legislatif. Gelaran pesta demokrasi ini rupanya tidak hanya viral di dunia nyata, namun hingga ke dunia maya.

Google melalui sketsa Doodle-nya pun turut mengambil peran. Hajatan lima tahunan ini menjadi tema coretan Doodle di laman utama Google Indonesia.

Seperti bisa dilihat dalam gambar, tampak antrean para pemilih. Pesan yang bisa di ambil dari Google Doodle terkait pemilu hari ini agaknya adalah pesan damai, guyub, rukun antar sesama masyarakat Indonesia tanpa pengecualian walaupun berbeda pilihan.

Masih terkait dalam gambar Google Doodle pemilu, tampak ada enam orang dalam gambar, semuanya jelas mewakili beragamnya masyarakat Indonesia. Baik tua maupun muda tampak mengantre dengan tertib menyumbangkan suaranya. Semuanya menyatu dengan nuansa budaya Indonesia, dari pakaian adat hingga style kekinian. Pada gambar juga memamerkan lima kertas suara sesuai dengan pemilu tahun ini yang terdapat lima kertas suara.

Bukan kali pertama Google membuat tema terkait situasi yang sedang hangat di negara-negara pasarnya. Google diketahui memang rajin merayakan beberapa hari dan peristiwa penting, termasuk pemilu di Indonesia. Seperti biasa, ketika gambar tersebut diklik, Google juga akan langsung membawa kamu kepada artikel terkait yang sedang hangat menjadi perbincangan."
