"berita"
"Memasuki usia ke-35 tahun, Epson Singapura berkomitmen terhadap segmen bisnis, khususnya bussines to bussines (B2B). Sejalan dengan itu, bisnis perusahaan terus bertumbuh dengan Compound annual growth rate (CAGR) 11,3 persen dari tahun fiskal 2015-2017 di wilayah Asia Tenggara.

“Epson mengambil pendekatan dan bergerak untuk memperluas fokus serta memperdalam usaha kami untuk berinovasi,” ujar Tanaka Toshimitsu, Managing Director (SE Asia), Epson Singapura.

Untuk itu Epson memanfaatkan teknologi intinya untuk menciptakan inovasi di bidang inkjet, komunikasi visual, perangkat keras dan robot T3. Hal ini ditujukkan untuk membawa nilai baru bagi konsumen melalui teknologi yang diklaim ramah lingkungan.

Pertama, inovasi pada komunikasi visual. Epson mendominasi pasar proyektor sebesar 37,3 persen di Asia Tenggara pada kuartal I 2017 menurut Futuresource. Dengan memperluas jajaran proyektor laser, perusahaan ingin memenuhi kebutuhan berbagai segmen bisnis di seluruh sektor perusahaan, pemerintah, dan pendidikan.

Adapula inovasi berupa kacamata pintar Moverio, BT-350 yang dirancang untuk pasar komersial dan pengguna dengan multiunit docking station dan BT-2200 yang dapat diaplikasikan pada industri AR.

Lalu, di bidang printer inkjet, melalui inovasi dalam teknologi Printhead Micro Piezo, perusahaan menyasar segmen kantor yang berbeda dari usaha kecil hingga besar, untuk menggantikan printer laser dengan inkjet. Merek ini pun menguasai pangsa pasar sebesar 32 persen di Asia Tenggara. Untuk semakin menempati posisi atas, diluncurkan seri WorkForce Enterprise WF-C20590 yang dibangun dengan teknologi Linehead PrecisionCore.

“Epson akan terus mendorong pergeseran dari analog ke pencetakan tekstil digital untuk printer format besar, agar dapat memenuhi permintaan,” tambahnya. Seperti diketahui, di industri percetakan tekstil digital, diperkirakan pertumbuhan tahunan tekstil cetak sebesar 17,5 persen dengan perkiraan pertumbuhan pendapatan rata-rata tahunan sebesar 12,3 persen untuk tahun 2016-2021.

Industri Epson dibidang robotica dengan meluncurkan seri robot T3 yang telah memperluas jajaran komprehensif robot SCARA. Dengan menawarkan total biaya kepemilikan rendah dengan penggunaan daya 30 persen lebih sedikit daripada robot SCARA konvensional. Ke depan, Epson membayangkan pengembangan robot untuk melihat, merasakan, berpikir, dan bekerja seperti manusia, dan bekerja sama serta mendukung manusia dalam berbagai situasi."
