"berita"
"Kesehatan gigi dan mulut menjadi perhatian khusus pemkab. Sebab, jika terjadi infeksi, dapat berdampak pada bagian tubuh lainnya. Tapi sayangnya, jumlah dokter gigi sangat terbatas.

Kepala Dinas Kesehatan Wonogiri Adhi Dharma mengatakan, tahun ini, pihaknya akan mengadakan riset kesehatan dasar gigi dan mulut. “Sebelumnya belum pernah ada. Dengan riset itu bisa diketahui kualitas kesehatan gigi masyarakat,” katanya, Rabu (28/3).

Selama ini, personel Persatuan Dokter Gigi Indonesia (PDGI) Wonogiri sekitar 28 orang. Terdiri dari 25 aparatur sipil negara (ASN) dan tiga orang dari pihak swasta. “Ada tiga dokter gigi di RSUD dan 22 dokter yang tersebar di puskesmas. Kita sudah minta tambahan 15 dokter gigi,” ungkapnya.

Ketua Persatuan Dokter Gigi Indonesia Wonogiri Fasihul Ngibad mengatakan, bila ada infeksi di rongga mulut, bakteri bisa terbawa aliran darah ke seluruh tubuh dan bisa menyebabkan sakit pada organ lainnya. Misalnya, jantung, paru-paru, dan otak.

“Kalau pada ibu hamil bisa mengganggu perkembangan janin,” kata Ibad pada peringatan Hari Kesehatan Gigi Sedunia di Girimarto kemarin.

Kemudian, jika ada gigi yang rusak atau berlubang, aktivitas mengunyah dipastikan terganggu, sehingga makanan yang masuk ke lambung terlalu kasar. Ini menyebabkan lambung bekerja lebih berat dan di kemudian hari dikhawatirkan memicu masalah pada lambung.

“Itulah pentingnya kita menjaga kesehatan gigi dengan menyikat gigi yang baik dan benar. Selain itu perlu secara rutin memeriksakan gigi,” ungkapnya."
