"berita"
"Dominasi Indonesia sebagai peraih gelar terbanyak sementara di rangkaian turnamen BWF World Tour 2018 dipatahkan Jepang.

Merah Putih yang sejauh ini mengoleksi tujuh gelar juara untuk sementara harus puas berada di posisi kedua setelah Jepang sukses mengumpulkan delapan gelar juara.

Gelar terakhir Negeri Matahari Terbit dipersembahkan pemain non unggulan Shiori Saito di Orleans Masters 2018, Minggu (1/4) malam kemarin.

Saito, tanpa diduga, menumbangkan unggulan 2 asal Denmark Mia Blichfeldt dalam dua game langsung 21-18 dan 21-14. Secara ranking, keduanya juga sebetulnya terpaut cukup jauh. Saito ada di ranking 63, sementara Blichfeldt ranking 25.

Kemenangan ini sekaligus menjadi ajang balas dendam Saito di pertemuan pertama dengan Blichfeldt di Jepang Terbuka 2017. Saito kala itu kalah dengan skor kembar 19-21.

Keberhasilan Saito di Orleans Masters 2018 pun menggenapi delapan koleksi gelar juara Jepang, di mana tujuh gelar sebelumnya mereka torehkan di Indonesia Masters 2018, Swiss Terbuka 2018 (2 gelar), Jerman Terbuka 2018 (3 gelar), dan All England 2018.

Sementara, tujuh gelar yang berhasil dikumpulkan Indonesia berasal dari Thailand Masters, Malaysia Masters, Indonesia Masters (2 gelar), India Terbuka 2018 (2 gelar), dan All England 2018."
