"berita"
"Dalam iklim konsol game belakangan ini, Microsoft tampak bersaing ketat dengan Sony untuk konsol game Xbox One vs PlayStation terbaru. Sementara Sony berkutat dengan persiapannya terhadap PlayStation terbaru, Microsoft juga demikian.

Dikutip JawaPos.com dari WinFuture via GSMArena, Selasa (16/4), Microsoft dikabarkan tengah bersiap untuk konsol Xbox One S All Digital. Seperti namanya, Xbox One S terbaru itu akan menjadi konsol game Microsoft yang sepenuhnya digital dan hadir tanpa dukungan pemutar cakram atau disc Blu-ray.

Kini, bocoran yang ada cukup besar dan mengungkap wujud Microsoft Xbox One S All Digital. Meski masih di permukaan dan tampak seperti editan gambar Photoshop sederhana, bocoran soal wujud Microsoft Xbox One S All Digital tetap menarik perhatian. Hal tersebut seperti sudah disinggung di atas sejalan dengan iklim konsol game saat ini masing-masing vendor sedang memasuki fase akhir dan bersiap menuju perangkat selanjutnya.


Microsoft Xbox One S All Digital, seperti namanya, hanya akan mengandalkan game edisi digital dan unduhan melalui Microsoft Store dan konten berbasis langganan dari perpustakaan Game Pass Microsoft. Detail perangkat keras pada konsol baru itu tidak jelas, Namun gambar yang bocor itu berisi menyebutkan dukungan 4K dan HDR, serta hard drive 1TB.

Semua bahan juga menunjukkan konsol putih dibundel dengan pengontrol putih tunggal. Semuanya sejalan dengan bundel Xbox One S saat ini. Kemungkinan perangkat tersebut akan menjadi paket dasar Microsoft Xbox One S All Digital juga.

Berbicara tentang paket, bocoran juga menyarankan tiga game edisi digital pra-instal. Yaitu Minecraft, Sea of ​​Thieves, dan Forza Horizon 3. Terakhir, sumbernya mengklaim harga eceran perangkat tersebut akan berada di kisaran EUR 229,99 atau setara dengan Rp 3,6 jutaan untuk Microsoft Xbox One S All Digital dan tanggal peluncuran 7 Mei di Eropa."
