"berita"
"Ruang Kepala Sekolah SD Negeri 002 Sungai Panas, Batam Centre, Batam dibobol maling. Pembobolan dilakukan dengan cara melubangi salah satu sisi tembok WC majelis guru. Hal itu diketahui oleh penjaga sekolah, Selasa (27/3) pagi sekitar pukul 05.30 WIB.

Parman, penjaga sekolah yang saat baru mengetahui adanya pembobolan mengaku langsung melakukan pemeriksaan terhadap barang-barang milik sekolah yang diduga berhasil dibawa lari pelaku pembobolan.

Ia yang memperhatikan sekeliling tempat kejadian, mengaku mendapati dua unit amplifier dan sebuah laptop milik sekolah yang tergeletak di jembatan penyeberangan sekolah. Barang-barang ini katanya, adalah perlengkapan sekolah yang diduga ditinggal pelaku karena sudah membawa banyak hasil curian lainnya.

""Saya tengok ada ampli sama laptop di jembatan. Pasti ditinggal karena tak kuat bawa,"" kata Parman ketika ditemui di lokasi dimana ia bekerja pada Selasa (23/3).

Sementara itu, beberapa barang lain yang berhasil dibawa pelaku pembobolan yakni, printer; monitor; cpu; infokus dan kamera yang berasal dari ruang kepala sekolah. Tak hanya itu, para pembobol juga ikut melarikan satu buah tabung gas milik sekolah yang letaknya berada dekat dengan lokasi dimana tembok yang mereka bobol.

Dari keterangannya Parman mengatakan, diduga seusai membobol tembok WC tersebut, pembobol memang mengincar ruang kepala sekolah. hal itu diatakannya karena, meja majelis guru tidak mengalami gangguan. Padahal, letak meja majelis guru berada persis di depan pintu ruang kepala sekolah.

Di sekitar ruang kepala sekolah sendiri, Parman mengaku menemukan beragam alat seperti beberapa buah gunting, dan peralatan mandi yang diduga milik pelaku.

Kepala sekolah SDN 002 Batam H. Rohana mengaku sangat menyayangkan adanya pembobolan ini. Meskipun tidak sampai menghilangkan dokumen-dokumen penting milik sekolah. Pembobolan itu menurutnya tetap membawa kerugian buat sistem yang ada.

Ia menilai, kejadian itu mengurangi rasa nyaman guru yang berimbas pada kualitas proses belajar mengajar di sekolah. Rohana juga mengatakan, tidak mengerti dengan apa yang terjadi. Ia yang belum lama menjadi kepala sekolah di SDN 002 ini mengaku, telah empat kali mendapati kejadian serupa dengan ini.

""Walaupun kejadian sebelum-sebelumnya tidak sampai menimbulkan banyak kerugian seperti kejadian terakhir ini,"" katanya.

Untuk mengusut siapa yang bertanggungjawab, Rohana mengatakan, pihaknya telah membuat laporan kepada pihak kepolisian. Ia berharap ini menjadi kekadian terakhir sehingga tidak lagi mengganggu kenyamanan proses belajar mengajar.

""Heran juga saya, padahal kita sudah punya penjaga sekolah yang tinggal di sini, tapi memang sepertinya mereka sudah mengintai lebih dulu. Kita serahkan ke polisi semoga bisa segera tertangkap,"" kata Rohana lagi."
