"berita"
"Presiden Republik Indonesia Joko Widodo (Jokowi) membuka Moslem District Destination, Halal Park yang berlokasi di Gate 11 Gelora Bung Karno, Jakarta, Selasa (16/4). Halal Park akan menjadi ekosistem bagi pelaku industri gaya hidup halal di Tanah Air. Kehadiran Halal Park yang sempat dibahas pada debat Pilpres terakhir ini diharapkan bisa memacu pertumbuhan ekonomi Indonesia.

Proses pembangunan diawali melalui pembukaan Miniatur Halal Park yang berlokasi di Jalan Pintu Satu Senayan, Area Gelora Bung Karno (samping Basketball Hall). Miniatur Halal Park merupakan Iangkah awaI sebelum Halal Park yang sebenarnya akan dibuka dua tahun yang akan datang.

Jokowi mengatakan Halal Park merupakan komitmen pemerintah untuk selalu melibatkan para pelaku bisnis terutama UMKM dalam memajukan ekonomi nasional saat ini dan di masa yang akan datang. Ia juga percaya bahwa dampak ekonomi bukanlah satu-satunya hal yang bisa dinikmati bersama, tetapi juga dampak positif akan gaya hidup halal yang dipercaya dapat membuat masyarakat Indonesia dapat hidup secara berkelanjutan, apapun ras, suku, dan agama yang dianut.

“Meskipun berkonsep halal, sebagai negara yang memiliki keberagaman budaya, suku, ras, dan agama yang menjunjung tinggi Pancasila dan Bhineka Tunggal Ika, Halal Park dapat dinikmati oleh semua kalangan penikmat gaya hidup,” ungkap Presiden Jokowi.

Dalam tahap pembangunan Halal Park sebagai pusat gaya hidup masyarakat urban Jakarta, pemerintah menunjuk salah satu perusahaan BUMN khusus di bidang konstruksi, PT Wijaya Karya (Persero) Tbk (WIKA).

Saat ini, Miniatur Halal Park menyediakan beragam tenant fesyen serta makanan dan minuman yang dapat dinikmati oleh para pengunjung. Sebagai koordinator pelaksana Halal Park, Kementerian BUMN berkontribusi menyediakan produk-produk Rumah Kreatif BUMN (RKB) dari beberapa perusahaan BUMN yang terdiri dari produk fesyen dan makanan minuman.

Halal Park disebut-sebut akan menjadi ekosistem para pelaku bisnis yang bergerak pada industri gaya hidup haIaI dari hulu ke hilir yang tidak hanya sebatas pada bidang bisnis fesyen dan makanan dan minuman, tetapi juga bidang lain seperti pariwisata, pendidikan, dan keuangan.

Hal ini sejalan dengan potensi Indonesia yang diprediksi akan menjadi Top 10 ekonomi terbesar di dunia pada 2030. Berdasarkan standar Global Muslim Travel Index (GMTI), Indonesia telah dinobatkan sebagai nomor 1 wisata halal bersaing dengan 130 negara Iainnya, termasuk Malaysia, Turki, Saudi Arabia, Uni Emirat Arab, Qatar, Maroko, Bahrain, Oman, Brunei dan negara Iainnya. Hal ini menjadikan industri gaya hidup halal sebagai angin segar bagi pertumbuhan ekonomi nasional."
