"berita"
"Menjelang persiapan ujian nasional tingkat sekolah dasar, Ryan, 28, nekat melakukan pencurian barang elektronik di SDN 04 Jalan Pendidikan II RT 04/06 Kelurahan Parigi Lama, Kecamatan Pondok Aren, Tangerang Selatan pada Sabtu (28/4) pukul 04.30 WIB pagi tadi.

Saat itu petugas kepolisian sedang melakukan observasi di wilayah tersebut, sebab terdapat laporan kehilangan barang elektronik berupa laptop dan alat-alat untuk ujian nasional.

""Lalu polisi mencurigai dan memergoki kendaraan sepeda motor matik berwarna putih, mondar-mandir sekitar Sekolah Dasar 04 Perigi, Kecamatan Pondok Aren,"" kata Kapolres Tangerang Selatan AKBP Ferdy Irawan, saat dihubungi JawaPos.com, Sabtu (28/4).

Setelah mondar-mandir petugas kepolisian melihat jika motor tersebut memarkir motornya di halaman sekolah. Merasa curiga dengan tindakan tersebut, polisi langsung melakukan pengecekan ke dalam sekolah tersebut.

""Namun saat dilakukan pengecekan pelaku mengetahui tindakan polisi dan berusaha melarikan diri. Mereka juga sempat terjatuh dan salah satu pelaku mengeluarkan pistol dan berusaha menembak petugas,"" lanjut Ferdy.

Sehingga polisi segera melakukan tindakan tegas dengan melakukan tembakan kepada pelaku dan pelaku tewas ditempat. Sedangkan pelaku lainnya sempat melarikan diri.

Polisi juga menyita beberapa barang bukti seperti dua buah tas warna coklat dan warna hitam, dua unit laptop Merk DELL dan Lenovo, satu buah linggis, satu pucuk senjata api rakitan jenis pistol, satu unit sepeda motor matik warna putih tanpa plat nomor, dua buah HP merk Samsung J7 dan Nokia, satu buah dompet warna coklat."
