"berita"
"Tim Satgas Penindakan Komisi Pemberantasan Korupsi dikabarkan kembali melakukan operasi tangkap tangan (OTT). Dalam operasi kedap yang dilakukan di Balikpapan, Kalimantan Timur, tim menciduk seorang hakim yang kedapatan melakukan tindak pidana penyuapan.

“Ada yang diamankan malam ini,” kata sumber penegak hukum di KPK, kepada JawaPos.com, Jumat (3/5) malam. Hal senada juga diungkap sumber penegak hukum lain. “Sudah diamankan hakimnya,” imbuh sumber lain. Selain seorang hakim, tim juga dikabarkan menangkap beberapa pihak lain yang diduga terlibat dalam perkara rasuah tersebut.

Kendati berhasil menciduk seorang penegak hukum, namun sumber tersebut belum bersedia membeberkan berapa nilai barang bukti uang suap yang telah diamankan. Begitu juga dengan kasus yang membuat ‘wakil tuhan’ tersebut diamankan.

Terpisah, dikonfirmasi perihal adanya operasi tangkap tangan (OTT) ini, juru bicara KPK Febri Diansyah mengaku belum mengetahui ihwal adanya kegiatan penindakan. Dia berjanji akan akan mengonfirmasi kepada tim yang melakukan OTT terlebih dahulu. “Nanti saya cek dulu,” ucapnya singkat kepada JawaPos.com."
