"berita"
"Riasan wajah dan tata rambut seakan menjadi bagian yang tak terpisahkan dari gaya masyarakat masa kini. Tidak jarang, baik perempuan maupun pria rela menghabiskan uang banyak bahkan waktu untuk mencari alat dan produk perawatan wajah serta rambut yang tepat.

Memenuhi kebutuhan para perempuan khususnya dalam hal kecantikan wajah dan rambut, Plaza Indonesia Beauty Week 2018 kembali digelar untuk kedua kalinya. Berlangsung selama satu bulan penuh hingga akhir April, beauty week ini akan mengadakan Beauty Market, Beauty Masterclass & Workshop, dan Beauty Talk.

Pada hari pertama, acara yang bertajuk 'Hello Beautiful' ini dimulai dengan make-up trend presentation oleh label MAC dan Make Up For Ever. Keduanya menghadirkan demo make up dengan tema 'Fabulous Night' dan 'Fabulous Day''.

Sementara itu, untuk mengetahui produk kecantikan terbaru, para beauty lovers bisa mengunjungi Beauty Market di level 4 mulai tanggal 16-30 April. Brand kecantikan ternama seperti Sephora, Ultima II, Guardian, Remington, Tescom, Beauty Box, Chanel, Tony & Guy, YSL, Rudy Hadisuwarno, dll akan hadir dengan produk terbaru mereka.

""Melalui program ini, Plaza Indonesia memberikan informasi mengenai tren kecantikan from head to toe bersama brand ternama yang ada di level 4-5. Yang bikin menarik kami juga mengumpulkan 12 beauty blogger kondang untuk melakukan make-up demo yang mencerminkan karakter wanita sesungguhnya,"" ujar Astri Abyanti, General Manager Marketing & Leasing level 4-6 Plaza Indonesia saat Press Conference di Jakarta, Senin (2/4).

Pada rangkaian beauty market, pengunjung dapat berbelanja produk favorit yang berada di level 2 dan 4. Serunya, program belanja ini memberikan penawaran bagi pengunjung yang berbelanja minimal 2,8 juta akan berkesempatan mendapat limited edition beauty calendar, didalamnya berisi 9 produk kecantikan yaitu Kiehl's, L'Occitane, Avene, MAC, Makeup Forever, Sephora, SASC, dan Make Over.

Tak hanya itu, akan digelar pula acara beauty talk show yang mengangkat tema 'Rahasia Kecantikan Wanita Indonesia'. Diisi dengan bincang-bincang bersama Wanita Indonesia Tanpa Tembakau (WITT) dokter kecantikan dan Rudy Hadisuwarno acara yang digelar pada 18 April 2018 ini sekaligus memperingati hari Kartini.

Kemeriahan Beauty Week masih berlangsung di Plaza Indonesia Extension level 4-5 dengan kegiatan menarik yakni Beauty Canvas Exhibition. Acara ini digelar tanggal 9-30 April menghadirkan 12 Beauty Blogger Indonesia diantaranya Ucita Pohan, Tara Amelz, Lizzie Parra, Agnes Oryza, Michelle Hendra, Harumi Sudrajat. Mereka akan melakukan demo make-up di atas kanvas menggambarkan karakter masing-masing.

Di Akhir Beauty Week, akan diluncurkan pula store kecantikan dari brand yang sudah ditunggu-tunggu, yakni Rollover Reaction. Rangkaian produk seperti lisptik, lip & cheek cream, browcara hingga luminizing stick akan menjadi highlight.

""Selain Rollover Reaction, kedepannya kami akan terus melengkapi tenant mix beauty, kecantikan dan perawatan rambut anak muda di area extension untuk memenuhi keinginan generasi millenials,"" tutup Astri. "
