"berita"
"Pada dasarnya membangun otot biasa dilakukan dengan latihan beban. Latihan yang rutin akan mendorong otot untuk tumbuh lebih besar. Tapi tak hanya latihan berat, pembentukan massa otot juga dipengaruhi diet yang baik kaya protein. 

Oleh karena itu, pilihan makanan yang tepat juga diperlukan. Dilansir dari Healthy Guide, Senin (26/3), makanan yang mengandung protein, lemak, dan karbohidrat sehat adalah cara yang bagus untuk menghilangkan lemak dan membangun otot.

Berikut beberapa makanan khas rumahan untuk membangun otot dengan cepat.

1. Susu

Susu mengandung protein dan salah satu makanan otot yang baik. Protein kasein dicerna secara bertahap, memberi tubuh pasokan protein dalam waktu yang lebih lama. Whey protein diserap ke dalam aliran darah dan dipecah dengan cepat menjadi asam amino.

Selain itu, susu penuh dengan mineral dan vitamin, lemak dan karbohidrat baik yang dibutuhkan tubuh untuk membangun otot. Selain itu, susu membantu menjaga tubuh terhidrasi karena merupakan elektrolit. Setelah setiap latihan, Anda harus mengonsumsi satu gelas susu.

2. Telur

Kuning telur adalah gudang vitamin, seperti A, E, K, serta berbagai vitamin B seperti B12, asam folat, dan riboflavin. Semua nutrisi ini diperlukan untuk meningkatkan metabolisme serta mengubah lemak menjadi energi. Protein dalam putih telur adalah blok bangunan vital otot. Telur terdiri atas protein berkualitas tinggi dengan 9 asam amino esensial yang diperlukan untuk pembentukan otot dan pemulihan optimal. Adapula mineral berharga seperti kalsium, zat besi, dan seng.

Dianjurkan untuk makan 1-2 telur setiap hari untuk membangun otot dan tetap sehat. Telur bisa dimasak dengan beberapa cara, salah satunya direbus.

3. Gandum

Gandum juga merupakan salah satu makanan terbaik untuk membangun otot karena merupakan sumber protein yang kuat dan kaya akan karbohidrat yang baik juga. Selain itu, bibit gandum juga mengandung octacosanol, yang membantu meningkatkan daya tahan otot dan kekuatan.

Sebelum memulai latihan berintensitas tinggi, Anda harus mengonsumsi bibit gandum setengah jam jika ingin mendapatkan efek penuhnya.

4. Dada Ayam

Dada ayam juga dianggap sebagai makanan yang bagus untuk membangun otot. Mengandung banyak nutrisi seperti niacin, zat besi, vitamin B6, selenium, dan seng yang semuanya membantu membangun otot secara efektif. Selain itu, itu dikemas dengan protein tanpa lemak yang mudah disintesis untuk membantu memperbaiki jaringan otot serta sel-sel lain yang rusak selama latihan.

Caranya bisa memasak dada ayam dalam bentuk panggang, bakar, sup, atau salad. Ingat untuk mengonsumsinya tanpa kulit.

5. Apel

Apel adalah makanan ringan pasca latihan yang bagus karena mengandung serat, karbohidrat, dan elektrolit. Selain itu, apel adalah buah rendah kalori dan rasanya manis, sehingga efektif untuk menunjang pola makanan yang sehat.

6. Bayam

Sebuah studi tahun 2008 yang dilakukan oleh para peneliti di Universitas Rutgers menemukan bahwa bayam mengandung phytoecdysteroids yang membantu meningkatkan pertumbuhan otot hingga dua puluh persen. Bayam juga kaya akan kandungan zat besi, yang merupakan bangunan otot vital.

Selain itu, bayam hadir dengan kalsium yang membantu mengendurkan otot-otot untuk menghambat kram selama latihan. Asam amino dan L-glutamine hadir dalam sayuran hijau ini yang penting untuk kontraksi otot yang efisien. Selain itu, membantu meningkatkan laju metabolisme, membakar lebih banyak lemak, dan meningkatkan energi."
