"berita"
"Seorang mahasiswi yang diketahui berinisial CV, 34, terjun bebas dari salah satu mal di Jakarta Utara, Jumat (3/5) sore. Belum diketahui penyebab, yang membuat korban tewas setelah terjatuh.

Kapolsek Penjaringan, AKBP Rachmat Sumekar membenarkan kejadian itu. Namun, dia tidak merinci soal kronologi kejadian yang menghebohkan pengunjung mal tersebut. “Iya benar ada kejadian tersebut,” ujar Rachmat Sumekar saat dikonfirmasi.

Kejadian itu sontak membuat pengunjung geger dan tak sedikit dari mereka yang coba mengambil gambar wanita yang tergeletak tersebut. Diduga wanita itu terjun bebas dari lantai dua ke lantai dasar

Berdasarkan keterangan saksi-saksi kejadian terjadi sekitar pukul 17.45 WIB. “Kami mendapatkan laporan, kita melakukan cek lokasi sekira pukul 18.00 WIB,” kata Kanit Reskrim Polsek Penjaringan, Kompol Mustakim.

Berdasarkan keterangan saksi di lantai dasar sempat terdengar suara kencang di lokasi kejadian. Setelah dicaritahu, suara berasal dari tubuh korban yang jatuh dari lantai empat mal.

“Saat di bawah jatuh di depan saksi Reinardus yang sedang menjaga toko dan menerangkan bahwa mendengar suara agak kencang,” ujarnya.

Mustakim menambahkan, berdasar keterangan saksi, korban meregang nyawa seketika usai terjatuh dari lantai empat. Jasadnya kini telah dibawa ke Rumah Sakit guna pemeriksaan lebih lanjut.

“Saksi melihat korban sudah dalam keadaan meninggal dunia dengan keadaan terlentang miring ke kiri kondisi tangan kiri patah, tangan kanan patah, paha kanan patah, rahang bawah retak, pinggul kanan patah,” pungkasnya."
