"berita"
"Berdasarkan hasil hitung cepat atau quick count pasangan Jokowi-Ma’ruf Amin unggul dari Prabowo Subianto-Sandiaga Uno di Pilpres 2019 ini.

Hasil dari lembaga survei Charta Politika dengan suara masuk 98,6 persen, Jokowi-Ma’ruf Amin unggul 54,32 persen. Sementara Prabowo Subianto‎-Sandiaga Uno mendapatk 45,68 persen.

Lingkaran Survei Indonesia (LSI) Denny JA, dengan suara masuk sebesar 99,60 persen, menyatakan pasangan nomor urut 01 ini unggul dengan mendapatan persentase suara 55,73 persen. Untuk Prabowo-Sandiaga meraih 44,27 persen.

Selanjutnya Poltracking Indonesia. Berdasar suara masuk sebesar 99,30 persen, petahana masih unggul dengan 54,87 persen. Sedangkan Prabowo Subianto-Sandiaga Uno mendapatkan 45,13 persen.

Sementara data Pileg nasional dari Poltraking Indonesia adalah sebagai berikut

1. PKB : 10,42 persen
2. Gerindra : 12,71 persen
3. PDIP : 19,21 persen
4. Golkar : 12,64 persen
5. Nasdem : 8,50 persen
6. Partai Garuda : 0,62 persen
7. Berkarya : 2,17 persen
8. PKS : 7,83
9. Perindo : 2,78 persen
10. PPP : 4,48 persen
11. PSI : 1,82 persen
12. PAN : 6,32 persen
13. Hanura : 1,64 persen
14. Demokrat : 7,69 persen
15. PBB : 0,86 persen
16. PKPI :‎ 0,31 persen"
