"berita"
"Aplikator transportasi online, Uber resmi menyerahkan bisnisnya di Asia Tenggara, termasuk Indonesia kepada Grab. Namun, keputusan Uber tersebut tidak diterima sepenuhnya oleh para pengemudi Uber di Indonesia.

Para pengemudi merasa ditelantarkan oleh Uber dan tidak diperhatikan oleh Grab selaku perusahaan yang mengakuisisinya. Tak heran jika ribuan pengemudi Uber menolak bergabung dengan Grab dan memilih pindah ke operator lain, yakni Gojek.

Direktur Institute for Development of Economics and Finance (Indef), Enny Sri Hartati menyarankan kepada pemerintah untuk turun tangan membantu nasib para driver tersebut. Pemerintah diminta bisa mengajak bicara pihak Uber.

""Ini menyangkut kepastian nasib mantan mitra pengemudi Uber, skemanya bagaimana? Mestinya pemerintah minta pertanggung jawaban ke Uber terkait kepastian mitra pengemudi,"" ujarnya di Jakarta, Rabu (4/4).

Selain itu, Enny juga menyoroti Grab sebagai perusahaan pengakusisi Uber dalam keberlangsungan mitra pengemudi. Seharusnya, sebagai perusahaan pengakuisisi, Grab berkewajiban untuk membawa seluruh aset-aset Uber, termasuk para pengemudinya.

""Kalau tidak salah, memang Grab punya kewajiban menampung mitra pengemudi Uber, namun dengan proses seleksi yang ditentukan oleh Grab. Ya sama saja bohong, tidak memberi kepastian terhadap pengemudi Uber,"" katanya.

Di sisi lain, Enny mengapresiasi langkah Gojek yang mau menampung dan tidak mempersulit para pengemudi Uber untuk bergabung. Dengan demikian, para pengemudi ini bisa tetap bekerja sebagai pengemudi transportasi online dan memperoleh pendapatan.

Seperti diketahui, setelah Uber diakuisisi oleh Grab, kantor-kantor Gojek di berbagai wilayah di Jabodetabek ramai didatangi oleh pengemudi Uber. Tujuan mereka cuma satu, yakni mendaftar menjadi pengemudi aplikator transportasi besutan lokal tersebut.

Salah satunya Topan, pria 36 tahun itu mendatangi kantor Gojek di Ruko Crystal Lane di Alam Sutera, Tangerang Selatan untuk mendaftar menjadi pengemudi Gojek. Dia mengaku pindah ke Gojek lantaran kecewa dengan Uber.

Dia dan para pengemudi Uber lainnya yang ikut membesarkan Uber di Indonesia, merasa dibuang begitu saja dan tidak mendapatkan apa-apa dari akuisisi tersebut. ""Bahkan perusahaan yang mengakuisisinya juga mempersulit kami untuk melakukan daftar ulang,"" kata Topan.

Sedangkan, saat mendaftar di Gojek, dia dan kawan-kawannya justru dipermudah. Hanya dalam waktu tidak sampai satu jam, dia sudah bisa langsung menjadi pengemudi Gojek.

""Tapi karena masih baru, saya tidak langsung narik. Harus mempelajari aplikasinya dulu,"" katanya.

Sebelumnya, aksi korporasi Grab yang mengambil alih Uber diapresiasi oleh berbagai pihak, salah satunya Menteri Perhubungan Budi Karya Sumadi. Dia menganggap cara ini akan memperkuat perusahaan dalam menyediakan moda transportasi sewa khusus di Indonesia.

Hanya saja, Menhub berpesan kepada Grab yang kini kapitalisasinya semakin besar untuk tetap berbisnis sesuai dengan playing field pasar.

""Berkaitan dengan Grab dan Uber, kita ingin tidak ada monopoli. Akuisisi Uber adalah hak masing-masing perusahaan,"" jelas Budi Karya."
