"berita"
"Penyakit orang dengan gangguan jiwa (ODGJ) belakangan banyak bermunculan. Orang yang mengalami gangguan dalam pikiran, perilaku, dan perasaan yang bermanifestasi dalam bentuk sekumpulan gejala dan atau perubahan perilaku dapat menimbulkan penderitaan dan hambatan dalam menjalankan fungsi orang sebagai manusia.

Perlu penanganan khusus agar ODGJ dapat ditekan. Tak terkecuali tenaga kesehatan di puskesmas. Di Kejayan, puskesmas di kecamatan setempat, membentuk laskar peduli ODGJ. Laskar ini peduli ini melibatkan banyak pihak, yang tujuannya, untuk mengurangi ODGJ.

Dengan latar belakang tersebut puskesmas kejayan mengadakan posyandu jiwa dengan melibatkan seluruh jajaran lintas sektor. Kegiatan ini didahului dengan sosialisasi di puskesmas, yang dihadiri oleh Muspika, beber Sri Martariani, Kepala Puskesmas Kejayan.

Menurut Sri Martariani, jumlah pasien ODGJ dari tahun ketahun mengalami peningkatan, sampai saat ini tahun 2018 jumlah pasien ODGJ mencapai 34 orang yang tersebar di seluruh wilayah kerja Puskesmas Kejayan. Dengan dukungan dari banyak pihak, Sri Martariani meyakini, cara tersebut efektif.

Salah satu contohnya ketika Puskesmas Kejayan menggelar posyandu jiwa perdana yang sukses dilaksanakan di desa Randu Gong pada tanggal 27 Maret silam. Saat itu Kepala Desa Randu Gong, Usman, sangat antusias dalam mendukung pelaksanaan posyandu jiwa, pasien ODGJ mendapatkan pelayanan kesehatan berupa pemeriksaan fisik, terapi dari dokter, konseling hingga cara merawat diri sendiri.

""Dengan adanya kegiatan ini diharapkan tidak ada lagi pasien jiwa yang putus obat dan dipasung serta mereka mampu hidup secara normal,"" terang Sri Martariani.

Pada intinya, ODGJ butuh perhatian lebih dan tidak dibiarkan sendiri (dikucilkan). Perlakuan yang salah pada ODGJ juga bisa membuat kondisi gangguan jiwa semakin parah.

Tidak menutup kemungkinan ODGJ dapat disembuhkan dengan pengobatan rutin yang terus dijalani tanpa terputus hingga sembuh. Pengobatan tersebut salah satunya seperti pemberian obat (suntik) dan konseling yang dilakukan oleh perawat dan dokter.

Dengan adanya pengobatan tersebut, sudah banyak ODGJ yang mendapatkan perawatan dan pengobatan. Namun tidak sedikit pula dari mereka yang sudah berobat tapi terputus di tengah jalan. Padahal obat itu tidak boleh berhenti begitu saja. Pada akhirnya penyakit mereka kambuh dan keluarga engan untuk membawa ke pusat layanan kesehatan. Kehidupan sehari-hari-pun ODGJ semakin memprihatinkan.

Itulah yang mengetuk hati nurani kami di wilayah kerja Puskesmas Kejayan. Kami berusaha bagaimana cara agar supaya para ODGJ di wilayah puskesmas kejayan tidak putus berobat, sehingga ODGJ bisa sembuh dan mampu merawat diri sebagaimana manusia pada umumnya,"" pungkas Sri Martariani.  "
