"berita"
"Pasangan calon presiden dan wakil presiden serta tim pemenangan diminta legawa menerima apa pun hasil Pilpres 2019 yang telah digelar‎. Pengamat politik dari Universitas Al Azhar Indonesia, Ujang Komarudin, berharap semua pihak menggunakan kepala dingin menyikapi hasil proses demokrasi lima tahunan ini.

“Siapapun yang menang nanti. Baik incumbent atau penantang tidak boleh ada yang melakukan tindakan anarkistis. Apalagi menyalahkan yang menang,” kata Ujang saat dihubungi, Kamis (18/4).

Berdasarkan hasil hitung cepat sejumlah lembaga survei, hingga saat ini pasangan capres-cawapres nomor urut 01, Joko Widodo-Ma’ruf Amin masing unggul sementara dari rivalnya, pasangan Prabowo Subianto-Sandiaga Uno.

Hasil quick count Litbang Kompas misalnya, Jokowi-Makruf memperoleh 55 persen dan Prabowo-Sandi 44 persen. ‎

Ujang menjelaskan, Pemilu Legislatif maupun Pilpres merupakan proses demokrasi biasa yang berulang setiap lima tahun. Karenanya, semua pihak diharapkan bisa menerima apapun hasil yang didapat.

“Pemilu 2019 semua kontestan habis-habisan berkampanye. Tidak jarang kita temukan gesekan, nyinyiran, saling serang dan saling menafikan. Dalam demokrasi perbedaan pendapat itu hal biasa. Sekeras apapun perbedaan, yang penting tidak anarkistis,” katanya.

Ujang mengatakan, pihak yang menang tidak boleh jemawa. Demikian halnya pihak yang kalah harus tetap lapang dada.

“Semua ada jalurnya. Jika ada kerebratan dari yang kalah, jalur hukum adalah yang terbaik. Pilpres hanya rutinitas lima tahunan biasa. Pasti ada yang menang dan ada pula yang kalah,” ungkapnya.

“Yang kalah tidak boleh marah-marah. Menang atau kalah merupakan hal yang biasa,” tambahnya.

Ujang menuturkan, setiap kandidat harus siap menang dan kalah jika sudah menyatakan siap maju sebagai calon presiden dan wakil presiden. “Jadi jangan hanya siap menang, tapi tidak siap kalah,” pungkasnya."
