"berita"
"Komisi Pemilihan Umum RI (KPU) memberikan santunan kepada para petugas Kelompok Penyelenggara Pemungutan Suara (KPPS) yang meninggal dunia. Secara simbolis, KPU memberikan santunan tersebut ke beberapa daerah, misalnya keluarga Ketua KPPS TPS 68, Kelurahan Sukabumi Selatan, Kecamatan Kebon Jeruk, Jakarta Barat dan ahli waris Tutung Suryadi yang merupakan Ketua KPPS TPS 25 Tangki, Taman Sari, Jakarta Barat.

Selain itu, santuan juga diberikan langsung kepada almarhum Mangsud yang merupakan anggota KPPS Kelurahan Pakujaya, Serpong, Tangerang Selatan dan keluarga almarhum Hanafi yang merupakan Ketua KPPS kelurahan Jurang Mangu Timur, Pondok Aren, Tangerang Selatan. Ketua KPU Arief Budiman mengatakan, santunan untuk empat orang ini diberikan secara tunai.

Sementara, untuk petugas KPPS yang lain di beberapa daerah, santunan akan ditransfer melalui rekening bank keluarga korban. Mekanismenya, keluarga korban perlu membuka rekening baru.

“Untuk awal ini kan agak kerepotan kalau mereka diminta untuk membuka rekening. Jadi, untuk yang awal-awal ini kami berikan secepatnya dalam bentuk tunai,” ujar Arief Budiman di kawasan Kebon Jeruk, Jakarta, beberapa waktu lalu.

Arief mengatakan, petugas KPPS adalah garda terdepan penyelenggaraan pemilu. Artinya, pemilu 2019 bisa dikatakan sukses berkat kontribusi dari para petugas ini.

“Jadi, mereka adalah garda terdepan penyelenggara pemilu. ‎Mereka sebenarnya yang paling menentukan aman, sukses, dan lancar. Pekerjaan mereka enggak hanya sehari, tapi rangkaian yang panjang,”‎ katanya.

Arief berjanji setelah tahapan pemilu 2019 selesai, KPU bersama penyelenggara pemilu lain serta pemerintah akan melakukan evaluasi. Hal ini mengingat angka petugas KPPS yang meninggal dunia sudah mencapai 400 orang.

Mendapat santunan ini, Evi Erwiyati anak dari Umar Madi Ketua KPPS TPS 68, Kelurahan Sukabumi Selatan, Kecamatan Kebon Jeruk menyampaikan apresiasinya. “(Tapi) Meskipun ada santunan, tetap tidak mengembalikan ayah saya,” lanjut Evi.

Evi mengatakan, sang ayah memang memiliki riwayat penyakit jantung. Namun, katanya, saat bertugas sebagai Ketua KPPS, ayahnya sedang dalam kondisi prima.

“Bapak punya riwayat penyakit jantung. Tapi, pada pelaksanaan ini bapak dalam kondisi‎ sangat prima,” ungkapnya.

Dia pun berharap tidak ada kejadian seperti ini lagi di kemudian hari. “Ini harus diusut kenapa korban harus menjadi tumbal politik. Pemilu ini repot, capek, melelahkan. Kalau pekerjaan itu hanya diselesaikan satu hari, itu pemikiran yang bodoh,” pungkasnya."
