"berita"
"Sektor ganda campuran Indonesia berpotensi mengamankan gelar di Selandia Baru Terbuka 2019. Dua pasangan tersisa, yakni Hafiz Faizal/Gloria Emanuelle Widjaja dan Praveen Jordan/Melati Daeva Oktavianti bisa merealisasikan partai all Indonesian final jika mereka bisa lolos dari babak semifinal.

Baik Hafiz/Gloria maupun Praveen/Melati berhasil lolos dari babak perempat final Selandia Baru Terbuka 2019, Jumat (3/5).

Hafiz/Gloria menundukkan pasangan Hongkong Chang Tak Ching/Ng Wing Yung 21-15 dan 21-17, sementara Praveen/Melati mengandaskan wakil Malaysia Goh Soon Huat/Shevon Jemie Lai 21-14 dan 21-19.

Diharapkan bisa lolos kualifikasi Olimpiade Tokyo 2020 oleh PBSI, keduanya pun tentu diharapkan bisa sama-sama menembus babak final Selandia Baru Terbuka 2019, yang notabene merupakan turnamen pembuka ajang kualifikasi menuju Olimpiade, agar bisa meraup poin terbanyak. Namun, jalan mereka pastinya tidak akan mudah.

Hafiz/Gloria sudah ditunggu pasangan terbaik Malaysia Chan Peng Soon/Goh Liu Ying. Dari catatan pertemuan, kedua pasangan tercatat saling mengalahkan di dua pertemuan. Hafiz/Gloria memenangi pertemuan terakhir di Singapura Terbuka 2019 beberapa pekan lalu 18-21, 21-12, dan 21-16.

Sementara, Praveen/Melati akan bersemuka dengan wakil Taiwan Wang Chi Lin/Cheng Chi Ya. Pertemuan besok akan menjadi pertemuan perdana kedua pasangan.

Di atas kertas, Praveen/Melati memang lebih diunggulkan. Mereka saat ini duduk di ranking 9 dunia, sementara lawan mereka masih berada di ranking 69. Meski demikian, Praveen/Melati tentunya tetap harus waspada, khususnya kepada Chi Lin yang merupakan salah satu pemain ganda terbaik yang saat ini dimiliki Taiwan."
